entry_date,exit_date,code,entry_price,exit_price,gross_return,net_return,score,factors,exit_reason,industry,holding_days
2024-01-31,2024-01-31,000025,17.29,16.81,-2.75,-2.95,55.24400322405222,"{'trend': 0, 'momentum': -0.09948157744008645, 'quality': -0.20555397510289244, 'sentiment': 1.6640895252630754, 'valuation': 0.7239269377930456, 'liquidity': 0.7339414208690599, 'size': -0.20500093651307166}",T+1平仓,其他,1
2024-02-01,2024-02-01,000048,17.07,17.26,1.13,0.93,55.698222123741836,"{'trend': 0, 'momentum': -0.20770299002650205, 'quality': -0.15828769329704143, 'sentiment': 1.569557642219436, 'valuation': 1.2312079162384213, 'liquidity': -1.1134445607466628, 'size': 1.2105918607625887}",T+1平仓,其他,1
2024-02-05,2024-02-05,000017,10.62,11.37,7.14,6.94,61.423428793835456,"{'trend': 0, 'momentum': 3.0, 'quality': -0.23144602079992696, 'sentiment': 2.895415313275148, 'valuation': -0.6424894625188585, 'liquidity': 2.6481118300392055, 'size': -1.1234486714327794}",T+1平仓,其他,1
2024-02-19,2024-02-19,000017,9.45,9.95,5.25,5.05,66.17510841014321,"{'trend': 3.0, 'momentum': 3.0, 'quality': -0.2100123078408741, 'sentiment': 1.2602031740583526, 'valuation': -0.8194317321725247, 'liquidity': 3.0, 'size': -1.3018592474896038}",T+1平仓,其他,1
2024-02-20,2024-02-20,000028,31.19,31.8,1.95,1.75,63.02041772973719,"{'trend': 1.3292198561234658, 'momentum': 1.4091349074206427, 'quality': -0.24190834133532027, 'sentiment': 2.2210999290853635, 'valuation': 1.050410948804061, 'liquidity': -0.4142074769470721, 'size': 0.5272802415147492}",T+1平仓,其他,1
2024-02-21,2024-02-21,000001,9.89,10.68,8.03,7.83,59.01448896955878,"{'trend': 1.1277346567088808, 'momentum': 1.1280343565448936, 'quality': -0.27024163128997547, 'sentiment': 3.0, 'valuation': 1.2889014728073676, 'liquidity': -1.0603513734609986, 'size': -2.159944073815462}",T+1平仓,银行,1
2024-02-21,2024-02-21,000048,17.74,17.53,-1.23,-1.43,57.334888778680394,"{'trend': 1.1790671630213343, 'momentum': 1.1545496948838292, 'quality': -0.18865097756909222, 'sentiment': -0.16889198456239182, 'valuation': 0.9880809416851544, 'liquidity': -0.8123080744756564, 'size': 0.8595840746640723}",T+1平仓,其他,1
2024-02-23,2024-02-23,000017,11.8,11.49,-2.6,-2.8,60.59642919523139,"{'trend': 2.8346845830615277, 'momentum': 2.6478227187432855, 'quality': -0.23939225585762802, 'sentiment': -1.0353844685406985, 'valuation': -0.7919946633591977, 'liquidity': 3.0, 'size': -1.277819390029569}",T+1平仓,其他,1
2024-02-26,2024-02-26,000028,32.65,31.38,-3.87,-4.07,56.7996272413502,"{'trend': 1.0926874781908393, 'momentum': 1.3568789975017246, 'quality': -0.23698795631791103, 'sentiment': -0.7950693622325754, 'valuation': 1.2410452636212401, 'liquidity': -0.5891384879307643, 'size': 0.6177301757581677}",T+1平仓,其他,1
2024-02-27,2024-02-27,000034,29.64,31.15,5.1,4.9,58.2758906916915,"{'trend': 0.4374028635618348, 'momentum': 1.0320847244938665, 'quality': -0.21074953866719404, 'sentiment': 1.596194397639544, 'valuation': 0.5715127767067337, 'liquidity': 0.9936726658879169, 'size': -0.32987404641615625}",T+1平仓,其他,1
2024-02-28,2024-02-28,000001,10.63,10.37,-2.36,-2.56,56.309645779086104,"{'trend': 1.3741544915428792, 'momentum': 0.8178539275055833, 'quality': -0.26877117491995484, 'sentiment': 1.4254392603609634, 'valuation': 1.3585193540560914, 'liquidity': -0.6961384204272446, 'size': -2.448737011630757}",T+1平仓,银行,1
2024-02-29,2024-02-29,000021,13.53,14.12,4.4,4.2,58.18554831539729,"{'trend': 0.7361297889635211, 'momentum': 0.6109043441369897, 'quality': -0.19955441059701526, 'sentiment': 1.708520202294903, 'valuation': 0.6599433173468293, 'liquidity': 0.2008224906383165, 'size': 0.08722415698108082}",T+1平仓,其他,1
2024-03-01,2024-03-01,000028,31.92,31.03,-2.76,-2.96,57.383229497372504,"{'trend': 1.3640913892557291, 'momentum': 1.3344755401768353, 'quality': -0.23223982957476033, 'sentiment': -0.7112026079998218, 'valuation': 1.164678186930277, 'liquidity': -0.7913483070599828, 'size': 0.7694929495779594}",T+1平仓,其他,1
2024-03-04,2024-03-04,000034,32.94,33.61,2.03,1.83,66.43891827049343,"{'trend': 1.7491580362326609, 'momentum': 1.864779909376183, 'quality': -0.2089920567960069, 'sentiment': 2.9466988196819646, 'valuation': 0.6977724176861054, 'liquidity': 1.0181940276568635, 'size': -0.34212664325780456}",T+1平仓,其他,1
2024-03-05,2024-03-05,000028,32.65,31.69,-2.93,-3.13,57.031901482307504,"{'trend': 1.0305292555595063, 'momentum': 0.814668283603083, 'quality': -0.23183476906888412, 'sentiment': -0.1756872055063683, 'valuation': 1.2891617543429683, 'liquidity': -0.29058084498529363, 'size': 0.3896985314974379}",T+1平仓,其他,1
2024-03-05,2024-03-05,000001,10.41,10.32,-0.94,-1.14,55.205929150270855,"{'trend': 0.9813783190644014, 'momentum': 0.7615568461671397, 'quality': -0.2618496863575536, 'sentiment': 1.3655439238972675, 'valuation': 1.4082530723032785, 'liquidity': -0.8757895081636211, 'size': -2.248829128424431}",T+1平仓,银行,1
2024-03-06,2024-03-06,000021,14.66,14.62,-0.29,-0.49,58.886607142103216,"{'trend': 1.131890042654524, 'momentum': 1.2769629081809841, 'quality': -0.21980825201963372, 'sentiment': 0.5045530418721299, 'valuation': 0.8200130291804751, 'liquidity': 0.5539321823610394, 'size': -0.06326883169560354}",T+1平仓,其他,1
2024-03-08,2024-03-08,000034,31.85,31.72,-0.41,-0.61,66.35651781027194,"{'trend': 2.2910554037334627, 'momentum': 2.76791277727256, 'quality': -0.21630127869505825, 'sentiment': 1.1988493530691404, 'valuation': 0.5214407703412882, 'liquidity': 1.7178807288500033, 'size': -0.643477103129703}",T+1平仓,其他,1
2024-03-11,2024-03-11,000049,23.22,23.91,2.98,2.78,58.42518268121496,"{'trend': 0.5696619393038942, 'momentum': 0.49986158914749473, 'quality': -0.23838122826690827, 'sentiment': 2.0550324945770484, 'valuation': 0.9131503422869708, 'liquidity': -0.7677708802120725, 'size': 0.8232211295303523}",T+1平仓,其他,1
2024-03-12,2024-03-12,000034,33.87,32.18,-5.0,-5.2,60.97012446505474,"{'trend': 2.4862004462144007, 'momentum': 2.8232762652155623, 'quality': -0.21770324113318412, 'sentiment': -1.797145232796355, 'valuation': 0.5201634633840536, 'liquidity': 1.5409008582055492, 'size': -0.5810440935515133}",止损(-5%),其他,1
2024-03-13,2024-03-13,000021,15.48,14.98,-3.2,-3.4,60.457914846514456,"{'trend': 1.6888287782355083, 'momentum': 1.721201631363249, 'quality': -0.2101620373190346, 'sentiment': 0.3579288351814307, 'valuation': 0.6819041439664553, 'liquidity': 0.3821161329122815, 'size': -0.002070101200001715}",T+1平仓,其他,1
2024-03-14,2024-03-14,000030,5.14,5.01,-2.37,-2.57,55.83058811388388,"{'trend': 0.5829702344907032, 'momentum': 0.710835806430218, 'quality': -0.20156845902105328, 'sentiment': 0.41093309749288603, 'valuation': 1.1520630860635561, 'liquidity': -1.0935007429230885, 'size': 1.0260264677709776}",T+1平仓,其他,1
2024-03-15,2024-03-15,000045,9.79,9.79,0.05,-0.15,56.2326207129183,"{'trend': 0.9699777476176982, 'momentum': 1.542985762602394, 'quality': -0.24657185663348288, 'sentiment': 0.9782882502233927, 'valuation': -0.29376122437072233, 'liquidity': -0.7757567821301866, 'size': 0.7754263128487392}",T+1平仓,其他,1
2024-03-18,2024-03-18,000034,32.6,32.46,-0.45,-0.65,62.46853241559291,"{'trend': 2.4419701406035106, 'momentum': 1.8308135168874082, 'quality': -0.22186015874428308, 'sentiment': 0.3158733823405426, 'valuation': 0.44848897874364596, 'liquidity': 1.4934015632012856, 'size': -0.4765655573113232}",T+1平仓,其他,1
2024-03-19,2024-03-19,000026,10.49,10.43,-0.57,-0.77,57.72258615552771,"{'trend': 0.5735003349342533, 'momentum': 0.4859646467526545, 'quality': -0.21560500250934503, 'sentiment': 2.288118092760848, 'valuation': 0.0007267489237315789, 'liquidity': 0.12046423981358448, 'size': 0.13274587761461087}",T+1平仓,其他,1
2024-03-20,2024-03-20,000032,20.53,21.06,2.54,2.34,57.68807615171403,"{'trend': 1.1459406985463558, 'momentum': 1.0004935237196968, 'quality': -0.23577932852683967, 'sentiment': 2.4256575301894943, 'valuation': -1.435981922533931, 'liquidity': 1.110299476590577, 'size': -0.37739057784604296}",T+1平仓,其他,1
2024-03-21,2024-03-21,000048,17.5,18.42,5.23,5.03,55.96756946921303,"{'trend': -0.9419417457929383, 'momentum': -0.7645581571372404, 'quality': -0.19293892307212981, 'sentiment': 3.0, 'valuation': 1.0655865425057818, 'liquidity': 0.11228282267227924, 'size': -0.0107364988914953}",T+1平仓,其他,1
2024-03-22,2024-03-22,000034,32.37,31.92,-1.41,-1.61,60.366244158622706,"{'trend': 1.6297106962325243, 'momentum': 1.4020492232010984, 'quality': -0.23216039571042568, 'sentiment': 1.0307960053980076, 'valuation': 0.6957127799374758, 'liquidity': 0.6368236458031866, 'size': -0.3121597950262629}",T+1平仓,其他,1
2024-03-25,2024-03-25,000037,8.56,8.86,3.48,3.28,57.29432123079538,"{'trend': 0.726127855405784, 'momentum': 1.05472036937546, 'quality': -0.2402728585061444, 'sentiment': 2.339688255144978, 'valuation': -1.0536785083410938, 'liquidity': 1.5876040749460698, 'size': -0.679554398054931}",T+1平仓,其他,1
2024-03-26,2024-03-26,000049,23.41,24.22,3.44,3.24,58.44549940928457,"{'trend': 0.6484328051743001, 'momentum': 0.20075551227179464, 'quality': -0.22698420046109002, 'sentiment': 1.8757627581096845, 'valuation': 1.1112226590981773, 'liquidity': -0.6834146126472195, 'size': 0.6224143989590346}",T+1平仓,其他,1
2024-03-27,2024-03-27,000027,6.98,6.77,-2.88,-3.08,56.98981069216745,"{'trend': 0.49932285987192804, 'momentum': 0.9631185541870163, 'quality': -0.2229907883201243, 'sentiment': 0.8789844852198145, 'valuation': 1.0618628520843985, 'liquidity': -0.9779145653076331, 'size': 0.9757056587393235}",T+1平仓,其他,1
2024-03-28,2024-03-28,000034,30.32,30.75,1.41,1.21,58.77197983933411,"{'trend': 0.7906176857219487, 'momentum': 0.24947236713302048, 'quality': -0.21172103154048907, 'sentiment': 1.9568589702563253, 'valuation': 0.5627640877410944, 'liquidity': 0.7071395477628073, 'size': -0.2112630958044379}",T+1平仓,其他,1
2024-03-29,2024-03-29,000030,5.54,5.26,-5.0,-5.2,57.58753822896027,"{'trend': 0.9956132495574602, 'momentum': 0.8136262825055032, 'quality': -0.2197977474035374, 'sentiment': 0.7517489335489705, 'valuation': 1.0145887362453558, 'liquidity': -0.6056044372380547, 'size': 0.6906995335193326}",止损(-5%),其他,1
2024-04-01,2024-04-01,000026,10.75,10.75,0.03,-0.17,55.17057027721737,"{'trend': 1.278643818916779, 'momentum': 1.5233594844090128, 'quality': -0.24484608396638327, 'sentiment': 0.24141942853582285, 'valuation': -0.07120696273276789, 'liquidity': -0.4802008881661273, 'size': 0.4525810718758687}",T+1平仓,其他,1
2024-04-02,2024-04-02,000037,9.06,9.24,1.97,1.77,61.73943564138728,"{'trend': 2.06740671734947, 'momentum': 1.8371627594332265, 'quality': -0.2355004364292332, 'sentiment': 2.434747339349188, 'valuation': -1.104081475684871, 'liquidity': 1.2534349211692257, 'size': -0.495306726997595}",T+1平仓,其他,1
2024-04-03,2024-04-03,000027,7.37,7.21,-2.18,-2.38,57.279914301868445,"{'trend': 1.1019264315019222, 'momentum': 1.292755096718057, 'quality': -0.2229907883201243, 'sentiment': 0.24502744243734623, 'valuation': 1.0618628520843985, 'liquidity': -0.8921423662807942, 'size': 0.8602914355228515}",T+1平仓,其他,1
2024-04-08,2024-04-08,000025,16.04,17.06,6.33,6.13,59.304519917811135,"{'trend': 0.1654090342523503, 'momentum': 0.38937408660681067, 'quality': -0.21172103154048907, 'sentiment': 2.6749861327303988, 'valuation': 0.5678777158513993, 'liquidity': 0.36649098345493547, 'size': -0.01803988881338943}",T+1平仓,其他,1
2024-04-09,2024-04-09,000030,5.31,5.29,-0.31,-0.51,57.83581792470154,"{'trend': 1.1020865493764787, 'momentum': 0.9250545293347971, 'quality': -0.19877695968033987, 'sentiment': 0.30447572476401863, 'valuation': 1.2489608823518292, 'liquidity': -0.9839903436010717, 'size': 1.2033635791113138}",T+1平仓,其他,1
2024-04-10,2024-04-10,000037,9.81,10.11,3.07,2.87,58.962943460164475,"{'trend': 1.9606894970507849, 'momentum': 2.1434853777120906, 'quality': -0.24707342923203998, 'sentiment': 1.4094620435565697, 'valuation': -1.2177876346506695, 'liquidity': 2.4882453974557515, 'size': -2.3067405041387334}",T+1平仓,其他,1
2024-04-11,2024-04-11,000026,10.79,10.64,-1.35,-1.55,55.24755529259537,"{'trend': 1.4969925136143802, 'momentum': 1.2378127591669632, 'quality': -0.21068792438814196, 'sentiment': -0.007275221262522494, 'valuation': 0.035327175813168174, 'liquidity': -0.41287438868006204, 'size': 0.4364045285680763}",T+1平仓,其他,1
2024-04-12,2024-04-12,000025,17.18,17.11,-0.39,-0.59,59.21245207827488,"{'trend': 0.8390004909139556, 'momentum': 0.7341830817636525, 'quality': -0.21213198676739345, 'sentiment': 1.7651469392421497, 'valuation': 0.5342509970623153, 'liquidity': 0.9876823576125706, 'size': -0.6574847455959008}",T+1平仓,其他,1
2024-04-16,2024-04-16,000027,7.49,7.27,-2.97,-3.17,59.11711103457512,"{'trend': 1.11243252372583, 'momentum': 1.2862250608019714, 'quality': -0.22112232151153763, 'sentiment': 1.055963912998359, 'valuation': 0.9639874902633784, 'liquidity': -0.8988911579445146, 'size': 0.9268328157378516}",T+1平仓,其他,1
2024-04-18,2024-04-18,000028,34.13,33.77,-1.05,-1.25,58.476669345155514,"{'trend': 0.7490633252130403, 'momentum': 1.4306478526368593, 'quality': 0.04554594848239072, 'sentiment': 0.5751013105362832, 'valuation': 0.7836536437029886, 'liquidity': 0.37384583211950106, 'size': -0.08139703751453643}",T+1平仓,其他,1
2024-04-19,2024-04-19,000037,8.29,8.49,2.36,2.16,58.509452954400764,"{'trend': 1.547974003216794, 'momentum': 0.7376183406619147, 'quality': -0.2394862618719021, 'sentiment': 1.6103033991594224, 'valuation': -1.2124819729413392, 'liquidity': 2.7412843230299835, 'size': -1.378772967645914}",T+1平仓,其他,1
2024-04-22,2024-04-22,000030,5.61,5.39,-3.94,-4.14,56.464312832428206,"{'trend': 0.5621131516044111, 'momentum': 0.4087922636655764, 'quality': -0.23892994168129136, 'sentiment': 1.3674044015271403, 'valuation': 0.914582399954253, 'liquidity': -1.1485051973345062, 'size': 1.0624017588870298}",T+1平仓,其他,1
2024-04-24,2024-04-24,000028,34.17,34.57,1.15,0.95,61.42912303048467,"{'trend': 1.774696011549126, 'momentum': 2.0224050927648785, 'quality': -0.25611395506998147, 'sentiment': 0.5072676422660832, 'valuation': 0.9087908414088398, 'liquidity': 0.3432414540277853, 'size': -0.07590816391492337}",T+1平仓,其他,1
2024-04-26,2024-04-26,000030,5.46,5.55,1.63,1.43,55.766404330427335,"{'trend': 0.6871676338906121, 'momentum': 0.7202858105352331, 'quality': -0.25408577949752864, 'sentiment': 0.4769011109356338, 'valuation': 1.0213688232786962, 'liquidity': -0.8164373270202975, 'size': 0.9092246797816114}",T+1平仓,其他,1
2024-04-30,2024-04-30,000028,35.13,34.74,-1.11,-1.31,63.17706025177027,"{'trend': 1.8875479168332985, 'momentum': 1.8421905903103044, 'quality': -0.2415009816548107, 'sentiment': 1.2332500958551764, 'valuation': 1.131893042173992, 'liquidity': -0.6982092871848402, 'size': 0.6236219099068755}",T+1平仓,其他,1
2024-05-06,2024-05-06,000030,5.81,5.84,0.38,0.18,58.278907986453305,"{'trend': 0.9828225578400054, 'momentum': 0.9379978904200424, 'quality': -0.2225552041284989, 'sentiment': 0.9218225129335004, 'valuation': 1.144488657858876, 'liquidity': -0.7424663154370268, 'size': 0.6637793988888719}",T+1平仓,其他,1
2024-05-07,2024-05-07,000028,36.95,36.55,-1.08,-1.28,62.288647057008745,"{'trend': 1.9085199089694727, 'momentum': 2.288070916592928, 'quality': -0.2415009816548107, 'sentiment': 0.34302279228321414, 'valuation': 1.131893042173992, 'liquidity': -0.4506672030228621, 'size': 0.4855749003361525}",T+1平仓,其他,1
2024-05-08,2024-05-08,000019,6.72,6.58,-2.18,-2.38,55.76809304369657,"{'trend': 0.16653669709753147, 'momentum': 0.1350692625875737, 'quality': -0.2368766890614021, 'sentiment': 1.539127508850299, 'valuation': 0.9715132169031276, 'liquidity': -0.4808213704148015, 'size': 0.5211761360665143}",T+1平仓,其他,1
2024-05-09,2024-05-09,000021,13.71,13.66,-0.37,-0.57,56.53529264565766,"{'trend': 0.41956437355261467, 'momentum': 0.4952067987407006, 'quality': -0.24128644167310798, 'sentiment': 1.5384101260451952, 'valuation': 0.6223184046713696, 'liquidity': -0.16917934437028495, 'size': 0.33477557043533623}",T+1平仓,其他,1
2024-05-10,2024-05-10,000030,5.92,5.77,-2.68,-2.88,56.98001403881936,"{'trend': 1.2155846814821734, 'momentum': 1.3861169410058376, 'quality': -0.23928077087313887, 'sentiment': -0.2521034764794299, 'valuation': 1.166634831334693, 'liquidity': -1.0975426081056623, 'size': 1.0299775136536125}",T+1平仓,其他,1
2024-05-13,2024-05-13,000028,38.5,39.36,2.24,2.04,69.59480147304117,"{'trend': 2.483074609739858, 'momentum': 2.775720872228982, 'quality': -0.2540532593693058, 'sentiment': 2.1854520871320022, 'valuation': 1.3359650648393742, 'liquidity': -0.4310179446951848, 'size': 0.4751141624982896}",T+1平仓,其他,1
2024-05-14,2024-05-14,000030,5.81,5.76,-0.99,-1.19,57.00448035933496,"{'trend': 1.1358363289296085, 'momentum': 0.6890011171508649, 'quality': -0.229934620323566, 'sentiment': 0.48962505565150133, 'valuation': 1.0924721879500774, 'liquidity': -0.9752642874649041, 'size': 0.9456461132240378}",T+1平仓,其他,1
2024-05-17,2024-05-17,000028,40.39,38.55,-4.55,-4.75,57.765142165336925,"{'trend': 2.2154991851224604, 'momentum': 1.8020281407805137, 'quality': -0.2626230195216376, 'sentiment': -1.6470209962566353, 'valuation': 1.2600726020197048, 'liquidity': -0.800466339670471, 'size': 0.6640446696189757}",T+1平仓,其他,1
2024-05-20,2024-05-20,000034,30.33,30.46,0.43,0.23,55.40956665691554,"{'trend': 0.30036217213758853, 'momentum': 0.33210669559330463, 'quality': -0.23971617709159035, 'sentiment': 0.454870659244813, 'valuation': 0.6983050690510471, 'liquidity': 1.2914051314500985, 'size': -0.32167059193758246}",T+1平仓,其他,1
2024-05-21,2024-05-21,000028,39.4,38.18,-3.1,-3.3,57.09671529324891,"{'trend': 1.6940589546213936, 'momentum': 0.8338284464737413, 'quality': -0.2642556608620021, 'sentiment': -0.15447508807484878, 'valuation': 1.081602606886626, 'liquidity': -1.08392906620313, 'size': 0.8828588764189779}",T+1平仓,其他,1
2024-06-04,2024-06-04,000007,4.86,4.83,-0.75,-0.95,62.48149949669615,"{'trend': 2.6232096602603643, 'momentum': 2.7778194990199507, 'quality': -0.1575377563728644, 'sentiment': -0.10666081364699907, 'valuation': -0.14427550535482453, 'liquidity': 0.040196056681480956, 'size': 0.23859509790063507}",T+1平仓,其他,1
2024-06-05,2024-06-05,000028,37.92,36.99,-2.46,-2.66,57.402801883500416,"{'trend': 0.9862317356272136, 'momentum': 0.9349369594197491, 'quality': -0.28368388595741095, 'sentiment': 0.6488810293952756, 'valuation': 1.11916922399891, 'liquidity': -0.8419851284844695, 'size': 0.8169864706989296}",T+1平仓,其他,1
2024-06-06,2024-06-06,000021,13.87,13.71,-1.18,-1.38,57.69637514497245,"{'trend': -0.03375873897845997, 'momentum': 0.5626398640406134, 'quality': -0.27241397174826354, 'sentiment': 1.4952132382165109, 'valuation': 0.4528953667183393, 'liquidity': 2.1678457825728734, 'size': -0.6339846544337103}",T+1平仓,其他,1
2024-06-12,2024-06-12,000021,15.28,15.68,2.61,2.41,65.16002562147877,"{'trend': 1.1121757272224144, 'momentum': 2.4265914104570028, 'quality': -0.024686214322226254, 'sentiment': 1.1389631936446902, 'valuation': 0.3993128184356489, 'liquidity': 2.77330617120119, 'size': -0.8254105504558866}",T+1平仓,其他,1
2024-06-13,2024-06-13,000034,28.81,28.22,-2.07,-2.27,55.1574430907973,"{'trend': 0.5540477853097452, 'momentum': 0.2069285900688604, 'quality': -0.2469669848434275, 'sentiment': 1.0151856210849348, 'valuation': 0.502630154687869, 'liquidity': 0.1630392700851705, 'size': 0.14151517467837035}",T+1平仓,其他,1
2024-06-18,2024-06-18,000021,16.33,15.87,-2.78,-2.98,62.856746250738645,"{'trend': 2.626269927678501, 'momentum': 2.65149577933203, 'quality': -0.3096543160040763, 'sentiment': -1.6131302109829457, 'valuation': 0.7613968356110518, 'liquidity': 2.464490415940769, 'size': -0.9595124220176329}",T+1平仓,其他,1
2024-06-21,2024-06-21,000030,5.41,5.36,-0.9,-1.1,56.932601233037815,"{'trend': 0.5017612873946165, 'momentum': 0.4166028413704396, 'quality': -0.307342631248191, 'sentiment': 1.637971564625297, 'valuation': 0.9929807101044227, 'liquidity': -0.6385442577492016, 'size': 0.6019223523604107}",T+1平仓,其他,1
2024-06-24,2024-06-24,000021,15.28,14.64,-4.18,-4.38,63.68913162797689,"{'trend': 2.4963331582088917, 'momentum': 2.559516909301533, 'quality': -0.31659667005903835, 'sentiment': 0.3048557107182134, 'valuation': 0.8970530321187447, 'liquidity': 1.0369290944512577, 'size': -1.0941918859641029}",T+1平仓,其他,1
2024-06-28,2024-06-28,000021,14.65,14.95,2.08,1.88,68.19159083013463,"{'trend': 2.4915001245473576, 'momentum': 2.6055003320269634, 'quality': -0.33745254549215065, 'sentiment': 2.303340090447664, 'valuation': 0.48667691468965946, 'liquidity': 1.9567932790596567, 'size': -0.6924292016553103}",T+1平仓,其他,1
2024-07-02,2024-07-02,000021,15.1,14.49,-4.07,-4.27,60.3719506925338,"{'trend': 2.7500769394203233, 'momentum': 2.7079595652943156, 'quality': -0.306579485129948, 'sentiment': -1.6088299834894184, 'valuation': 0.4036801945335383, 'liquidity': 1.6756185274162283, 'size': -0.3199713479939333}",T+1平仓,其他,1
2024-07-05,2024-07-05,000007,5.07,5.14,1.53,1.33,58.43515361408181,"{'trend': 1.495836540719057, 'momentum': 2.0468515139092784, 'quality': -0.24379566232869404, 'sentiment': -0.24977294640714953, 'valuation': -0.03886845526288835, 'liquidity': 2.1702082547268193, 'size': -0.8337632988085183}",T+1平仓,其他,1
2024-07-08,2024-07-08,000021,14.36,13.98,-2.59,-2.79,57.42538504251347,"{'trend': 1.5695557843606818, 'momentum': 0.5150511973550931, 'quality': -0.3634000222263995, 'sentiment': 0.42164251320163665, 'valuation': 0.7422111716017395, 'liquidity': 0.2257544803785018, 'size': 0.36313666677330536}",T+1平仓,其他,1
2024-07-09,2024-07-09,000007,5.45,5.35,-1.81,-2.01,58.500201048024635,"{'trend': 2.1359738313328793, 'momentum': 2.4510677525087092, 'quality': -0.26429403945436325, 'sentiment': -0.886420297716392, 'valuation': -0.010714970706918655, 'liquidity': 1.2225359179813124, 'size': -0.3878742813437216}",T+1平仓,其他,1
2024-07-15,2024-07-15,000007,5.22,5.21,-0.09,-0.29,60.56139071601659,"{'trend': 2.48668806582003, 'momentum': 2.304802568795876, 'quality': -0.2413306402611399, 'sentiment': 0.02676551928502235, 'valuation': -0.6187013242987943, 'liquidity': 1.4795778966164224, 'size': -0.22678206644017213}",T+1平仓,其他,1
2024-07-19,2024-07-19,000007,5.37,5.17,-3.65,-3.85,56.96449466024029,"{'trend': 2.1183641300768468, 'momentum': 1.9404942056173726, 'quality': -0.2875662584064528, 'sentiment': -0.39559674277529766, 'valuation': -0.4819364064429147, 'liquidity': 0.10530629739286901, 'size': 0.41134313691168173}",T+1平仓,其他,1
2024-07-23,2024-07-23,000007,5.35,5.21,-2.55,-2.75,61.283446434188946,"{'trend': 1.9160627824777205, 'momentum': 1.8249887454533238, 'quality': -0.3127320991491707, 'sentiment': 1.0645614278510305, 'valuation': 0.03580700643037019, 'liquidity': 0.6147815988983574, 'size': 0.26021566944542}",T+1平仓,其他,1
2024-07-24,2024-07-24,000021,14.44,14.11,-2.24,-2.44,55.041447019193875,"{'trend': -0.1690021263659124, 'momentum': 0.24339996129410343, 'quality': -0.38711720484378237, 'sentiment': 1.3856919867400233, 'valuation': 0.5873804666233866, 'liquidity': 0.8847730819740687, 'size': 0.14836762827302402}",T+1平仓,其他,1
2024-08-01,2024-08-01,000021,14.62,14.39,-1.57,-1.77,55.26956458037648,"{'trend': -0.22117502021520197, 'momentum': 0.24814200072802436, 'quality': -0.3316714700068559, 'sentiment': 1.323596132550597, 'valuation': 0.7816023837110191, 'liquidity': 0.9281023154536863, 'size': -0.018365996949215285}",T+1平仓,其他,1
2024-08-02,2024-08-02,000025,14.16,14.0,-1.13,-1.33,55.55241667170459,"{'trend': 1.1720373061278502, 'momentum': 1.243065730134261, 'quality': -0.35569035073456245, 'sentiment': -0.1179070875299893, 'valuation': 0.7605686503567765, 'liquidity': -0.6504537395309167, 'size': 0.5939866038888908}",T+1平仓,其他,1
2024-08-08,2024-08-08,000011,8.37,8.45,0.9,0.7,55.68050087759473,"{'trend': 0.9799461826294867, 'momentum': 0.8893365916976468, 'quality': -0.45423113047799696, 'sentiment': 2.354531691639947, 'valuation': -1.1178357179506824, 'liquidity': 0.2933648129592511, 'size': 0.10327958891424432}",T+1平仓,其他,1
2024-08-19,2024-08-19,000019,5.99,5.89,-1.52,-1.72,55.01064717510698,"{'trend': 0.7207200596604938, 'momentum': 0.774922928234733, 'quality': -0.36575684528559566, 'sentiment': 0.3814265399886894, 'valuation': 0.8422666410561855, 'liquidity': -1.181902883123069, 'size': 1.2984645981369516}",T+1平仓,其他,1
2024-08-21,2024-08-21,000020,9.71,10.44,7.61,7.41,58.36388556162251,"{'trend': 1.1525202312030296, 'momentum': 1.0384285919015663, 'quality': -0.35621818581130477, 'sentiment': 2.093211780617486, 'valuation': -0.20307720115815747, 'liquidity': -0.3540503914786727, 'size': 0.6728138799181167}",T+1平仓,其他,1
2024-08-27,2024-08-27,000020,11.68,11.09,-5.0,-5.2,60.004996356767634,"{'trend': 2.0499226793241117, 'momentum': 2.1473687109188186, 'quality': -0.38847994680961817, 'sentiment': 0.2655452674007459, 'valuation': -0.3106784097173774, 'liquidity': 1.784931014519825, 'size': -0.5367221626055987}",止损(-5%),其他,1
2024-09-02,2024-09-02,000020,11.01,10.71,-2.72,-2.92,60.6265120303687,"{'trend': 2.255186610693098, 'momentum': 2.073474720957441, 'quality': -0.3154707095074208, 'sentiment': 0.3525469446106456, 'valuation': -0.33225594059902525, 'liquidity': 1.5521119816174673, 'size': -0.19331163795655326}",T+1平仓,其他,1
2024-09-06,2024-09-06,000019,6.2,6.02,-2.81,-3.01,56.24621577429165,"{'trend': 0.2513589777927284, 'momentum': 0.15002094192865775, 'quality': -0.3930783769515934, 'sentiment': 0.7433142667913879, 'valuation': 1.671605424658762, 'liquidity': -0.2143837412380795, 'size': 0.436369784167394}",T+1平仓,其他,1
2024-09-09,2024-09-09,000020,11.38,12.31,8.16,7.96,63.518008094741916,"{'trend': 2.077637833936908, 'momentum': 1.8762350811247743, 'quality': -0.38847994680961817, 'sentiment': 2.2284922671586616, 'valuation': -0.3106784097173774, 'liquidity': 1.3898661870512548, 'size': -0.3579746227707921}",T+1平仓,其他,1
2024-09-12,2024-09-12,000001,9.76,9.63,-1.26,-1.46,56.48623339643948,"{'trend': 1.0162545513356485, 'momentum': 0.6783084298485187, 'quality': -0.44390122999334775, 'sentiment': 0.4405946327998728, 'valuation': 0.9966306469313172, 'liquidity': -0.7051523785961199, 'size': 0.7767667649601172}",T+1平仓,银行,1
2024-09-13,2024-09-13,000020,12.65,12.02,-5.0,-5.2,55.58578763870984,"{'trend': 1.9788486287563491, 'momentum': 2.026791737513683, 'quality': -0.4208125788768128, 'sentiment': -1.763111675317611, 'valuation': -0.08719072581120454, 'liquidity': 1.6512679212883896, 'size': -0.45444192369694253}",止损(-5%),其他,1
2024-09-19,2024-09-19,000020,12.29,13.39,8.93,8.73,64.00524958087178,"{'trend': 2.213653499989197, 'momentum': 1.8545107708498316, 'quality': -0.38613874762738837, 'sentiment': 1.576779563692842, 'valuation': 0.09607567000764466, 'liquidity': 1.2613119748709891, 'size': -0.17561132028736778}",T+1平仓,其他,1
2024-09-23,2024-09-23,000007,5.56,5.6,0.67,0.47,59.497061173232524,"{'trend': 0.7426197480124043, 'momentum': 1.245104533704261, 'quality': -0.33693617682942767, 'sentiment': 2.006322649488849, 'valuation': 0.3131179442115252, 'liquidity': -0.022961257132638153, 'size': 0.3952123916178011}",T+1平仓,其他,1
2024-09-24,2024-09-24,000020,13.44,13.64,1.5,1.3,56.59330269919976,"{'trend': 1.5221338043079344, 'momentum': 0.9828457876099241, 'quality': -0.39970474308356696, 'sentiment': -0.03818655110793932, 'valuation': -0.17740434204731156, 'liquidity': 1.862457984192737, 'size': -0.47887877420817165}",T+1平仓,其他,1
2024-09-27,2024-09-27,000007,6.0,6.08,1.45,1.25,59.26735687858678,"{'trend': 2.016739277841978, 'momentum': 1.3291873988976373, 'quality': -0.2711589307026601, 'sentiment': 0.4986314008808642, 'valuation': 0.10301412884535897, 'liquidity': -0.17600039351542973, 'size': 0.4914481628722746}",T+1平仓,其他,1
2024-10-08,2024-10-08,000007,7.53,7.16,-5.0,-5.2,58.46413136768567,"{'trend': 1.4129430328931722, 'momentum': 0.8770451985835586, 'quality': -0.23909253731782662, 'sentiment': 1.080621569934881, 'valuation': 0.10301412884535897, 'liquidity': 0.04172504731178206, 'size': 0.47664082455983126}",止损(-5%),其他,1
2024-10-14,2024-10-14,000007,6.53,6.66,1.91,1.71,61.12719820915197,"{'trend': 1.6069591313882663, 'momentum': 1.4496952052813281, 'quality': -0.23909253731782662, 'sentiment': 1.0163824255296645, 'valuation': 0.10301412884535897, 'liquidity': 1.422120606719602, 'size': -0.10224107118061611}",T+1平仓,其他,1
2024-10-21,2024-10-21,000007,6.66,6.52,-2.18,-2.38,55.126451582592736,"{'trend': 0.9865412263806641, 'momentum': 0.8360064710522027, 'quality': -0.2607824329653291, 'sentiment': -0.05994946369981942, 'valuation': 0.31620282015497486, 'liquidity': 0.04469971323867101, 'size': 0.4745222607531954}",T+1平仓,其他,1
2024-11-26,2024-11-26,000007,7.07,7.17,1.46,1.26,58.45063897436813,"{'trend': 0.5030056524329373, 'momentum': 1.3758913958490988, 'quality': -0.3286590861375044, 'sentiment': 1.140978440208645, 'valuation': 0.1981493888755232, 'liquidity': 1.3343688229354733, 'size': 0.05249115883325207}",T+1平仓,其他,1
2024-11-27,2024-11-27,000017,6.6,6.27,-5.0,-5.2,55.92236911578567,"{'trend': 1.129913850126824, 'momentum': 0.8995860619543317, 'quality': -0.4061771112036559, 'sentiment': 0.11424644406368256, 'valuation': 0.06038262293732585, 'liquidity': 1.3255269866540353, 'size': -0.287945847143502}",止损(-5%),其他,1
2024-12-02,2024-12-02,000007,7.43,7.06,-5.0,-5.2,56.09358404418528,"{'trend': 1.4623359908349716, 'momentum': 1.1553209338826849, 'quality': -0.28659978573509304, 'sentiment': -0.4647323360584379, 'valuation': 0.1981493888755232, 'liquidity': 0.08717322717081365, 'size': 0.5660208763941643}",止损(-5%),其他,1
2024-12-20,2024-12-20,000007,7.08,6.93,-2.04,-2.24,56.348320744929666,"{'trend': -0.05185932280656237, 'momentum': -0.2992025592391531, 'quality': -0.3203776466745776, 'sentiment': 2.0229925581720782, 'valuation': 1.1547005383792515, 'liquidity': 0.08159985927805422, 'size': 0.2145383331182151}",T+1平仓,其他,1
2024-12-25,2024-12-25,000001,11.99,11.79,-1.68,-1.88,56.22535046300356,"{'trend': 0.5189762857350803, 'momentum': 1.4301591152012976, 'quality': -0.3864237695148065, 'sentiment': 1.2176042549875499, 'valuation': 1.3357702332691759, 'liquidity': -0.7512077316683317, 'size': -1.4135477767964435}",T+1平仓,银行,1
2024-12-27,2024-12-27,000007,6.87,7.02,2.14,1.94,55.96486293359519,"{'trend': -0.22984340532788491, 'momentum': 0.1912604282978742, 'quality': 0.5038656675347618, 'sentiment': 1.88951333277659, 'valuation': 0.1981493888755232, 'liquidity': 1.6618469431747727, 'size': -1.6010151718509862}",T+1平仓,其他,1
2024-12-31,2024-12-31,000001,12.06,11.57,-4.06,-4.26,56.2233626252877,"{'trend': 1.6754582430865637, 'momentum': 1.5466834517020163, 'quality': -0.45559089241103307, 'sentiment': -1.1390548069389839, 'valuation': 1.0261966980083965, 'liquidity': -0.8542696499464145, 'size': 0.8365843332543682}",T+1平仓,银行,1
2025-01-02,2025-01-02,000007,7.08,6.94,-1.9,-2.1,58.69367894184532,"{'trend': 0.37113546031466227, 'momentum': 0.8478673799262282, 'quality': 0.5038656675347618, 'sentiment': 1.769445116021842, 'valuation': 0.1981493888755232, 'liquidity': 1.8662757340278646, 'size': -1.8166019404805795}",T+1平仓,其他,1
2025-01-06,2025-01-06,000001,11.51,11.31,-1.66,-1.86,60.09332893815826,"{'trend': 1.4081631004670307, 'momentum': 1.5878213737175575, 'quality': -0.4843875073430446, 'sentiment': 0.5018321934422116, 'valuation': 1.3357702332691759, 'liquidity': -0.8026441102312836, 'size': 0.8764528659835499}",T+1平仓,银行,1
2025-01-07,2025-01-07,000007,6.7,6.85,2.25,2.05,57.52702640978984,"{'trend': 0.3531607210292802, 'momentum': 0.19860905590043393, 'quality': 1.3106969571174718, 'sentiment': 1.1865845016833985, 'valuation': -0.05463324373718037, 'liquidity': 1.4712163963028553, 'size': -1.4601556843449128}",T+1平仓,其他,1
2025-01-13,2025-01-13,000007,6.76,6.74,-0.28,-0.48,59.92973592176533,"{'trend': 1.604064656152207, 'momentum': 1.5613808748790352, 'quality': -0.42315765999442967, 'sentiment': 0.5304529198558884, 'valuation': 1.0739969743061193, 'liquidity': -0.45449257809945515, 'size': 0.43892740043351486}",T+1平仓,其他,1
2025-01-16,2025-01-16,000001,11.68,11.44,-2.01,-2.21,56.04027364649449,"{'trend': 1.3801299276464296, 'momentum': 1.2219622203173965, 'quality': -0.34415718868155, 'sentiment': 0.5667380422323528, 'valuation': 1.3357702332691759, 'liquidity': -1.1857456464266747, 'size': -1.217055595693917}",T+1平仓,银行,1
2025-01-17,2025-01-17,000007,7.09,7.02,-0.92,-1.12,60.84963750856423,"{'trend': 1.4798888027408708, 'momentum': 1.6755898551578146, 'quality': -0.3203776466745776, 'sentiment': 0.4198036900048743, 'valuation': 1.1547005383792515, 'liquidity': 0.49446781608756635, 'size': 0.02509617988464274}",T+1平仓,其他,1
2025-01-21,2025-01-21,000007,7.33,7.05,-3.8,-4.0,57.35197678942845,"{'trend': 1.540910482219093, 'momentum': 1.7859311991214537, 'quality': -0.359164011463514, 'sentiment': -0.5470106081321101, 'valuation': 0.7071067811865476, 'liquidity': -0.0533474293422412, 'size': 0.27117334889013806}",T+1平仓,其他,1
2025-01-27,2025-01-27,000007,7.03,6.87,-2.18,-2.38,60.67557822002918,"{'trend': 1.8484680979506136, 'momentum': 1.5608596263951666, 'quality': -0.3604343621708084, 'sentiment': 0.8545202749443095, 'valuation': 1.0739969743061193, 'liquidity': -0.5642381582557212, 'size': 0.52919267547983}",T+1平仓,其他,1
2025-02-07,2025-02-07,000007,7.09,6.87,-3.01,-3.21,56.81195158502162,"{'trend': 1.628398784634933, 'momentum': 1.663599949660195, 'quality': -0.359164011463514, 'sentiment': -1.1994420219269977, 'valuation': 1.1547005383792515, 'liquidity': 0.18762840208321163, 'size': 0.19787326998593147}",T+1平仓,其他,1
2025-02-11,2025-02-11,000007,6.98,6.66,-4.59,-4.79,56.66397411547198,"{'trend': 1.2410468076467498, 'momentum': 0.7502189789116985, 'quality': 0.6549376992516985, 'sentiment': -0.7873416188854802, 'valuation': 0.1981493888755232, 'liquidity': 0.6694958518442278, 'size': 0.25307472581866436}",T+1平仓,其他,1
2025-03-13,2025-03-13,000001,11.94,11.71,-1.93,-2.13,59.838891030746694,"{'trend': 0.949111147253711, 'momentum': 1.5968035863422754, 'quality': -0.3472412077728011, 'sentiment': 1.1016968839158807, 'valuation': 1.3357702332691759, 'liquidity': -0.39352128653735596, 'size': 0.2986901117032392}",T+1平仓,银行,1
2025-03-18,2025-03-18,000001,11.65,11.36,-2.43,-2.63,57.07656223535192,"{'trend': 1.4471474884986941, 'momentum': 0.36150662657570676, 'quality': -0.3472412077728011, 'sentiment': -0.040615333052689905, 'valuation': 1.3357702332691759, 'liquidity': 1.3763025239187971, 'size': -1.2559814653991308}",T+1平仓,银行,1
2025-03-20,2025-03-20,000011,8.53,8.47,-0.79,-0.99,56.067433289444814,"{'trend': 1.2332863011163309, 'momentum': 1.9117811207439395, 'quality': -0.900078791514951, 'sentiment': 2.0067849759520766, 'valuation': -0.7669598110723495, 'liquidity': -0.8403419294922918, 'size': 0.9667269748822603}",T+1平仓,其他,1
2025-04-14,2025-04-14,000007,6.05,6.16,1.91,1.71,56.36583161311085,"{'trend': -0.9457197768931555, 'momentum': 0.31659166139445144, 'quality': 0.45310849954446664, 'sentiment': 1.5753538540631813, 'valuation': 1.1547005383792515, 'liquidity': 0.13105170694162951, 'size': -0.2499155469712855}",T+1平仓,其他,1
2025-04-18,2025-04-18,000007,6.17,6.09,-1.21,-1.41,56.616328423536714,"{'trend': 0.7142576547435825, 'momentum': 0.618082008315715, 'quality': 0.45310849954446664, 'sentiment': -0.30968486194491807, 'valuation': 1.1547005383792515, 'liquidity': 0.691463513547568, 'size': -0.6841050576848756}",T+1平仓,其他,1
2025-04-22,2025-04-22,000007,6.53,6.62,1.31,1.11,60.97613296281259,"{'trend': 1.2466499093042107, 'momentum': 1.6869228011904875, 'quality': 0.4716746964196188, 'sentiment': 1.4772346866950283, 'valuation': -0.05463324373718037, 'liquidity': 1.3394657474844491, 'size': -1.2444322093418436}",T+1平仓,其他,1
2025-04-29,2025-04-29,000007,6.82,6.74,-1.16,-1.36,59.09702936521258,"{'trend': 1.5296623036685804, 'momentum': 1.352915684022407, 'quality': -0.40823843978042085, 'sentiment': 0.885568786131291, 'valuation': 0.7071067811865476, 'liquidity': 1.5705206321532201, 'size': -1.4982097450475262}",T+1平仓,其他,1
2025-05-07,2025-05-07,000007,7.02,6.71,-4.43,-4.63,56.09915331037005,"{'trend': 1.6924449938529116, 'momentum': 1.8867612962034401, 'quality': -0.359164011463514, 'sentiment': -1.9612519026509638, 'valuation': 1.1547005383792515, 'liquidity': 1.446701417025409, 'size': -0.2855501446603665}",T+1平仓,其他,1
2025-05-13,2025-05-13,000007,7.23,7.21,-0.26,-0.46,65.77324734198157,"{'trend': 1.717324512937, 'momentum': 1.636267015545061, 'quality': 0.45310849954446664, 'sentiment': 1.7151976011886907, 'valuation': 1.1547005383792515, 'liquidity': 1.6017030530898455, 'size': -1.5070617911887239}",T+1平仓,其他,1
2025-05-19,2025-05-19,000007,7.4,7.36,-0.57,-0.77,55.34431331826612,"{'trend': 1.6086931413232204, 'momentum': 1.6627665470629491, 'quality': -0.40823843978042085, 'sentiment': -0.7284318657170324, 'valuation': 0.7071067811865476, 'liquidity': 0.38460378211945795, 'size': -0.460999558300485}",T+1平仓,其他,1
2025-05-23,2025-05-23,000007,7.99,7.78,-2.55,-2.75,56.9944927672681,"{'trend': 1.5153785203482744, 'momentum': 1.560331106519729, 'quality': 0.4716746964196188, 'sentiment': -0.35743686130508096, 'valuation': -0.05463324373718037, 'liquidity': 1.1478551023333552, 'size': -1.1325382420964334}",T+1平仓,其他,1
2025-05-28,2025-05-28,000007,7.89,7.63,-3.3,-3.5,57.75064162991359,"{'trend': 1.3945627872361983, 'momentum': 1.1256949425645872, 'quality': -0.4264000179966909, 'sentiment': 0.951997688541364, 'valuation': 0.7071067811865476, 'liquidity': -0.3298661095233414, 'size': 0.22145667434468272}",T+1平仓,其他,1
2025-06-04,2025-06-04,000007,8.16,8.26,1.22,1.02,61.62564038796436,"{'trend': 1.6132969577155367, 'momentum': 2.1449818475579128, 'quality': -0.24148600719100177, 'sentiment': 1.4360707669943367, 'valuation': 0.1534256721140298, 'liquidity': 0.47906518305593676, 'size': 0.21283070246220995}",T+1平仓,其他,1
2025-06-10,2025-06-10,000007,8.38,7.96,-5.0,-5.2,55.74466652600852,"{'trend': 2.211923627324933, 'momentum': 2.2194481324227096, 'quality': -0.24188092913125328, 'sentiment': -1.5862771583909836, 'valuation': 0.28496826901862055, 'liquidity': 0.12891698637940668, 'size': -0.24029611144098634}",止损(-5%),其他,1
2025-06-13,2025-06-13,000017,7.26,7.02,-3.27,-3.47,56.70110384286576,"{'trend': 0.6674939094575187, 'momentum': 0.8946371890568254, 'quality': -0.3459720707859558, 'sentiment': 1.593804459505889, 'valuation': -0.5614405046343388, 'liquidity': 1.5451473522859074, 'size': -0.16208499814453076}",T+1平仓,其他,1
2025-06-17,2025-06-17,000007,7.98,7.84,-1.68,-1.88,57.28986604158649,"{'trend': 1.2317650403478146, 'momentum': 0.7047791462642685, 'quality': -0.2893631183298598, 'sentiment': 1.5826533645104528, 'valuation': -0.0887885191752159, 'liquidity': -0.4303966284251249, 'size': 0.7813479120560195}",T+1平仓,其他,1
2025-06-18,2025-06-18,000020,14.05,14.99,6.69,6.49,58.055894712509186,"{'trend': 0.4572410144420535, 'momentum': 1.5669259323686218, 'quality': -0.4009272280404822, 'sentiment': 2.216838942535578, 'valuation': -0.49401453616399255, 'liquidity': 0.9412585432146378, 'size': -0.1677487697944485}",T+1平仓,其他,1
2025-06-24,2025-06-24,000009,8.63,8.71,0.92,0.72,58.33762795602787,"{'trend': 0.6482009693949203, 'momentum': 1.81708585208599, 'quality': -0.3538089475782976, 'sentiment': 2.1017775065964015, 'valuation': -0.9538851493545425, 'liquidity': 1.020650875703782, 'size': 0.03539075635522876}",T+1平仓,其他,1
2025-06-25,2025-06-25,000001,12.06,11.93,-1.11,-1.31,55.30874670026063,"{'trend': 1.7083470570493002, 'momentum': 0.7825132466075547, 'quality': -0.36826404807326296, 'sentiment': 0.5854369714050154, 'valuation': 1.3488323734230245, 'liquidity': -1.0750632988020432, 'size': -1.5863566717679642}",T+1平仓,银行,1
2025-06-30,2025-06-30,000009,8.9,8.78,-1.29,-1.49,57.22748832011647,"{'trend': 1.927636410467289, 'momentum': 1.7528163110398423, 'quality': -0.32382472089933145, 'sentiment': 0.6650253484394129, 'valuation': -0.7742008325780345, 'liquidity': -0.35222723952439167, 'size': 0.6765901916962043}",T+1平仓,其他,1
2025-07-01,2025-07-01,000001,12.19,12.16,-0.23,-0.43,56.269556221264956,"{'trend': 0.9932766999548629, 'momentum': 0.8033035779242215, 'quality': -0.338096810930131, 'sentiment': 1.2945492225449544, 'valuation': 1.6015142897990828, 'liquidity': -0.9243328334050136, 'size': -1.6297486495663005}",T+1平仓,银行,1
2025-07-04,2025-07-04,000009,9.1,8.84,-2.83,-3.03,56.424016078293775,"{'trend': 2.1884319086024338, 'momentum': 2.003294024306547, 'quality': -0.327205884230091, 'sentiment': 0.17961227285539244, 'valuation': -0.8152388421509701, 'liquidity': -0.715492046805892, 'size': 0.7589482083221315}",T+1平仓,其他,1
2025-07-10,2025-07-10,000001,12.96,13.04,0.57,0.37,55.53008571878192,"{'trend': 1.121471388763855, 'momentum': 1.227316374579789, 'quality': -0.32387039712956406, 'sentiment': 0.8795462997657405, 'valuation': 1.3488323734230245, 'liquidity': -1.069827453206356, 'size': -1.6278197684165636}",T+1平仓,银行,1
2025-07-17,2025-07-17,000009,8.85,8.69,-1.73,-1.93,55.32768973540887,"{'trend': 0.9738390779064112, 'momentum': 1.1531160723677985, 'quality': -0.3538089475782976, 'sentiment': 1.9705545755200624, 'valuation': -0.9538851493545425, 'liquidity': -1.2260949196383355, 'size': 1.1658977641198471}",T+1平仓,其他,1
2025-07-18,2025-07-18,000019,6.9,6.79,-1.46,-1.66,59.35509734606289,"{'trend': 0.20316854206358345, 'momentum': 0.3867797170342843, 'quality': -0.3347854371721744, 'sentiment': 2.011255743233728, 'valuation': 1.294018738402097, 'liquidity': 0.5761211999482355, 'size': 0.018254839115336468}",T+1平仓,其他,1
2025-07-22,2025-07-22,000019,7.03,6.9,-1.75,-1.95,56.14024058605444,"{'trend': 0.2564909174447427, 'momentum': 0.49577386155765907, 'quality': -0.295209622626907, 'sentiment': 0.44697203937078955, 'valuation': 1.0173643010750404, 'liquidity': 1.2103055343702926, 'size': -0.12014286339502797}",T+1平仓,其他,1
2025-07-30,2025-07-30,000019,6.94,6.84,-1.32,-1.52,58.76005216830722,"{'trend': 0.7233303346517816, 'momentum': 0.3702585258457382, 'quality': -0.32409259937069307, 'sentiment': 1.3397535350207332, 'valuation': 1.1490620864154906, 'liquidity': 0.32222079992945296, 'size': 0.35124714414895797}",T+1平仓,其他,1
2025-08-06,2025-08-06,000019,6.99,6.82,-2.32,-2.52,56.98282390177073,"{'trend': 0.6626759864914578, 'momentum': 0.944714317786471, 'quality': -0.34074748625772794, 'sentiment': 0.32143402764803614, 'valuation': 1.0173643010750404, 'liquidity': 0.1882235531174191, 'size': 0.484471938051375}",T+1平仓,其他,1
2025-08-08,2025-08-08,000007,7.21,7.44,3.17,2.97,55.33281867676089,"{'trend': -0.39996140865783203, 'momentum': 0.21758510353452742, 'quality': -0.2912860686198325, 'sentiment': 2.170902540991288, 'valuation': 0.4442288141669729, 'liquidity': 0.08019931362855079, 'size': 0.2776601974992171}",T+1平仓,其他,1
2025-08-13,2025-08-13,000010,4.74,4.5,-5.0,-5.2,58.46984066436752,"{'trend': 2.5068901544249558, 'momentum': 1.6649580611566352, 'quality': -0.3142954870087678, 'sentiment': -1.477624778015752, 'valuation': 0.6339871621293932, 'liquidity': 1.3577719499598588, 'size': -0.441146924697823}",止损(-5%),其他,1
2025-08-14,2025-08-14,000011,10.02,10.19,1.67,1.47,56.618488486182535,"{'trend': 0.9426975643424117, 'momentum': 0.756298709598445, 'quality': -0.4011988238609458, 'sentiment': 1.929760550170305, 'valuation': -0.7742008325780345, 'liquidity': 0.7971623316007017, 'size': 0.16783203776756064}",T+1平仓,其他,1
2025-09-08,2025-09-08,000009,10.55,11.07,4.85,4.65,55.85697718465362,"{'trend': 0.3209075529657112, 'momentum': 0.9587495683404647, 'quality': -0.327205884230091, 'sentiment': 2.234799959453535, 'valuation': -0.8152388421509701, 'liquidity': 0.4278367554017139, 'size': 0.1006910967691447}",T+1平仓,其他,1
2025-09-09,2025-09-09,000017,6.95,7.42,6.79,6.59,55.81197961927215,"{'trend': 0.08635410760748762, 'momentum': 0.10433417174986083, 'quality': -0.3047171800213743, 'sentiment': 2.46177919876097, 'valuation': -0.3896161825775885, 'liquidity': 0.976155282797466, 'size': -0.19751708341585886}",T+1平仓,其他,1
2025-09-12,2025-09-12,000009,11.09,11.25,1.48,1.28,59.731537568011376,"{'trend': 1.9587439016583823, 'momentum': 1.9431639932550213, 'quality': -0.327205884230091, 'sentiment': 1.7791879125786787, 'valuation': -0.8152388421509701, 'liquidity': -0.4184252395731242, 'size': 0.5569612652406157}",T+1平仓,其他,1
2025-09-25,2025-09-25,000009,11.69,11.95,2.22,2.02,56.766483215468064,"{'trend': 0.5911631968139748, 'momentum': 0.6551826836852986, 'quality': -0.32382472089933145, 'sentiment': 2.4078816359766377, 'valuation': -0.7742008325780345, 'liquidity': 0.14842111138240685, 'size': 0.5449353285434717}",T+1平仓,其他,1
2025-11-03,2025-11-03,000007,8.25,8.51,3.1,2.9,60.09261562741477,"{'trend': 0.2376286680315475, 'momentum': 0.7159076452226404, 'quality': 0.7576488434879853, 'sentiment': 1.55749646513233, 'valuation': 0.31620282015497486, 'liquidity': 0.6534295930190143, 'size': 0.29569937937023244}",T+1平仓,其他,1
2025-11-04,2025-11-04,000019,7.04,6.96,-1.05,-1.25,55.715273258375866,"{'trend': -0.18717796917110877, 'momentum': -0.15740365043539029, 'quality': -0.31429548700876786, 'sentiment': 1.1594146767278737, 'valuation': 1.5338259898159208, 'liquidity': -0.1935767660781981, 'size': 0.5857013546350374}",T+1平仓,其他,1
2025-11-07,2025-11-07,000007,9.07,9.56,5.46,5.26,67.34984409836639,"{'trend': 1.1603218787797958, 'momentum': 1.4687249210514959, 'quality': 0.6942332145121458, 'sentiment': 2.115934482845972, 'valuation': 1.3929397103408967, 'liquidity': 1.1515299645177186, 'size': -0.23810679548795372}",T+1平仓,其他,1
2025-11-11,2025-11-11,000007,9.9,9.4,-5.0,-5.2,59.99930119066707,"{'trend': 1.7865392733896388, 'momentum': 2.089186561418678, 'quality': 0.6942332145121458, 'sentiment': -2.150895983387658, 'valuation': 1.3929397103408967, 'liquidity': 1.8484134991890269, 'size': -0.6392622254904569}",止损(-5%),其他,1
2025-11-17,2025-11-17,000007,9.91,9.79,-1.18,-1.38,64.6661287385929,"{'trend': 2.0439179256950544, 'momentum': 2.115550403450222, 'quality': 0.7174894966506464, 'sentiment': 0.687578265801452, 'valuation': 0.1981493888755232, 'liquidity': 1.4857614199684908, 'size': -0.2391286782239174}",T+1平仓,其他,1
2025-11-21,2025-11-21,000007,10.09,9.59,-5.0,-5.2,59.6501283391586,"{'trend': 2.0150851036426576, 'momentum': 1.9555235575238599, 'quality': 0.599848819502015, 'sentiment': -0.3595221387200816, 'valuation': 0.1981493888755232, 'liquidity': 1.8016877719318494, 'size': -1.687224645111915}",止损(-5%),其他,1
2025-11-21,2025-11-21,000001,11.93,11.56,-3.09,-3.29,55.38668068779001,"{'trend': -0.272075965213054, 'momentum': -0.037753853249053955, 'quality': -0.10152811982388027, 'sentiment': 1.1080809279397468, 'valuation': 1.3357702332691759, 'liquidity': -1.22484618769027, 'size': 1.3914114755376379}",T+1平仓,银行,1
2025-11-25,2025-11-25,000007,9.51,9.37,-1.55,-1.75,61.636407426619044,"{'trend': 1.806278708342502, 'momentum': 1.5700920986930003, 'quality': 0.649763025853299, 'sentiment': 0.15326548338459386, 'valuation': 0.31620282015497486, 'liquidity': 0.7335697225847622, 'size': 0.30997817064360206}",T+1平仓,其他,1
2025-12-01,2025-12-01,000007,10.02,10.75,7.3,7.1,64.0911182790549,"{'trend': 1.7753644945172415, 'momentum': 1.9559321525590607, 'quality': -0.2899425081715018, 'sentiment': 1.704738558369174, 'valuation': 1.1547005383792515, 'liquidity': 1.2810976133094898, 'size': -1.2198236126748612}",T+1平仓,其他,1
2025-12-05,2025-12-05,000017,7.73,7.9,2.17,1.97,58.1043692714284,"{'trend': 1.0353716491379745, 'momentum': 1.2448398261701115, 'quality': -0.36875098380036114, 'sentiment': 1.5685559444162116, 'valuation': 0.06038262293732585, 'liquidity': 1.21520505132056, 'size': -1.1385815674572144}",T+1平仓,其他,1
2025-12-08,2025-12-08,000007,9.6,9.78,1.84,1.64,55.731955129857404,"{'trend': 1.4158814682969014, 'momentum': 0.5638931552723454, 'quality': -0.2590146230722384, 'sentiment': -0.6165482626958512, 'valuation': 1.3929397103408967, 'liquidity': 0.2481990097352415, 'size': -0.3422130141289944}",T+1平仓,其他,1
2025-12-10,2025-12-10,000017,8.13,8.25,1.47,1.27,58.201974507086106,"{'trend': 1.622666099396318, 'momentum': 1.588277715000338, 'quality': -0.33117844871304836, 'sentiment': 0.6892719041503689, 'valuation': 0.06038262293732585, 'liquidity': 1.3800030026856216, 'size': -1.27485627147446}",T+1平仓,其他,1
2025-12-12,2025-12-12,000007,10.08,10.43,3.51,3.31,62.26437497466025,"{'trend': 0.9756016518607774, 'momentum': 1.1395267096045354, 'quality': -0.26010183487927674, 'sentiment': 1.8812733836122424, 'valuation': 1.3929397103408965, 'liquidity': -0.26394841613411935, 'size': 0.34919893944581815}",T+1平仓,其他,1
2025-12-16,2025-12-16,000007,11.92,11.87,-0.43,-0.63,66.84458456766036,"{'trend': 1.13644250766083, 'momentum': 1.5872393591323803, 'quality': 1.2920456071474173, 'sentiment': 1.6446768767640372, 'valuation': 1.3929397103408967, 'liquidity': 1.7654652100130959, 'size': -1.683399008092809}",T+1平仓,其他,1
2025-12-17,2025-12-17,000017,7.62,7.48,-1.92,-2.12,55.00058989207164,"{'trend': 1.3617593178798042, 'momentum': 0.7909630572957487, 'quality': -0.33117844871304836, 'sentiment': 0.38115323450248745, 'valuation': 0.06038262293732585, 'liquidity': 0.41023255692100735, 'size': -0.4958414024914054}",T+1平仓,其他,1
2025-12-22,2025-12-22,000007,12.03,11.64,-3.24,-3.44,61.91284856083453,"{'trend': 1.9733981790542532, 'momentum': 2.0772498100692594, 'quality': -0.2590146230722384, 'sentiment': 0.052819362880984176, 'valuation': 1.3929397103408967, 'liquidity': 0.37871573646717455, 'size': -0.4918628435992063}",T+1平仓,其他,1
2025-12-24,2025-12-24,000036,6.81,6.47,-5.0,-5.2,70.26912013269825,"{'trend': 3.0, 'momentum': 3.0, 'quality': -0.1515214606434121, 'sentiment': 3.0, 'valuation': -0.08661767633295095, 'liquidity': 0.03731776127531388, 'size': 0.10243925771277142}",止损(-5%),其他,1
2025-12-25,2025-12-25,000048,14.35,14.7,2.44,2.24,55.94843048119692,"{'trend': -1.3088297062845473, 'momentum': 0.22102863488342706, 'quality': -0.0639620148938666, 'sentiment': 3.0, 'valuation': 0.3982162183155022, 'liquidity': 1.1510056461875953, 'size': -0.6648801381308843}",T+1平仓,其他,1
2025-12-26,2025-12-26,000060,5.68,5.71,0.43,0.23,59.047554697636684,"{'trend': 1.0102335189443323, 'momentum': 0.6254035222231892, 'quality': -0.11849409015790341, 'sentiment': 1.873678591354304, 'valuation': 0.40127585986063863, 'liquidity': 0.502707804253487, 'size': -0.2938911945209702}",T+1平仓,其他,1
2025-12-29,2025-12-29,000007,11.48,11.24,-2.18,-2.38,58.9018160408434,"{'trend': 2.055431437741102, 'momentum': 1.1228352999736266, 'quality': 0.0364321132841028, 'sentiment': 0.11780931867806559, 'valuation': 0.18103782201708998, 'liquidity': 0.989528882243836, 'size': -0.44129030667426555}",T+1平仓,其他,1
2025-12-30,2025-12-30,000048,16.74,17.04,1.78,1.58,66.27550349547987,"{'trend': 0.8775234111842537, 'momentum': 2.440978405679445, 'quality': -0.06261254392482057, 'sentiment': 3.0, 'valuation': 0.40988096005770885, 'liquidity': 2.5215581869600348, 'size': -1.3548055220231332}",T+1平仓,其他,1
2025-12-31,2025-12-31,000036,6.71,6.53,-2.77,-2.97,61.28089884109181,"{'trend': 3.0, 'momentum': 3.0, 'quality': -0.1813001057034976, 'sentiment': -1.2007248445943675, 'valuation': -0.08672939267367562, 'liquidity': 3.0, 'size': -1.9101468400799857}",T+1平仓,其他,1
2026-01-05,2026-01-05,000021,26.04,26.06,0.06,-0.14,58.44175050495905,"{'trend': 0.3665288323799405, 'momentum': 0.5370850410439335, 'quality': -0.1077806378168938, 'sentiment': 1.7275079726014528, 'valuation': 0.3228656001739973, 'liquidity': 3.0, 'size': -1.7316845577443734}",T+1平仓,其他,1
2026-01-06,2026-01-06,000036,6.9,6.55,-5.0,-5.2,64.07331230850863,"{'trend': 3.0, 'momentum': 3.0, 'quality': -0.17962312129923508, 'sentiment': -0.2066919967463246, 'valuation': -0.09694361697270008, 'liquidity': 3.0, 'size': -1.5348578825654091}",止损(-5%),其他,1
2026-01-07,2026-01-07,000060,6.33,6.2,-2.02,-2.22,60.66032450267907,"{'trend': 1.2497609454959642, 'momentum': 1.2624164545986156, 'quality': -0.12538471495860196, 'sentiment': 1.2883395121413785, 'valuation': 0.3968407245806418, 'liquidity': 1.5680037312892716, 'size': -0.6520570507552558}",T+1平仓,其他,1
2026-01-08,2026-01-08,000007,11.63,12.03,3.44,3.24,63.37734433357884,"{'trend': 1.3978163759871376, 'momentum': 2.1214200604638087, 'quality': 0.05038738377494393, 'sentiment': 2.213425319006777, 'valuation': 0.1595879507724427, 'liquidity': 0.3641582434288386, 'size': -0.11187781722027645}",T+1平仓,其他,1
2026-01-09,2026-01-09,000048,15.44,15.66,1.41,1.21,64.18551966889721,"{'trend': 2.8686957371498996, 'momentum': 1.6923103494960652, 'quality': -0.06448416900307348, 'sentiment': 1.085083076504656, 'valuation': 0.40311868836480447, 'liquidity': 0.41854209372091566, 'size': -0.07320310363119542}",T+1平仓,其他,1
2026-01-12,2026-01-12,000036,6.92,6.77,-2.03,-2.23,64.73235231004145,"{'trend': 3.0, 'momentum': 3.0, 'quality': -0.16879335494606104, 'sentiment': 0.3865928488399898, 'valuation': -0.09663772933467507, 'liquidity': 1.8272506116327492, 'size': -0.7876406425983408}",T+1平仓,其他,1
2026-01-13,2026-01-13,000060,6.58,6.45,-2.03,-2.23,61.30475648047326,"{'trend': 1.9295603579068237, 'momentum': 1.8454420458168928, 'quality': -0.12625329568494306, 'sentiment': 0.9117952356876093, 'valuation': 0.39798842973758963, 'liquidity': 0.935037841905246, 'size': -0.39491128752918536}",T+1平仓,其他,1
2026-01-14,2026-01-14,000032,22.71,23.0,1.31,1.11,61.54203937923403,"{'trend': 1.4490030207751763, 'momentum': 1.0793399917846638, 'quality': -0.1409486778005346, 'sentiment': 2.9356252178594926, 'valuation': -0.11800723623836759, 'liquidity': 0.5215854068733702, 'size': -0.11550768222979581}",T+1平仓,其他,1
2026-01-15,2026-01-15,000021,26.89,27.79,3.34,3.14,62.530073678559404,"{'trend': 1.0189939827024765, 'momentum': 1.0592605879850172, 'quality': -0.11733353706722588, 'sentiment': 3.0, 'valuation': 0.3071165245114974, 'liquidity': 1.417464931192512, 'size': -0.6011707543754428}",T+1平仓,其他,1
2026-01-16,2026-01-16,000036,6.91,6.66,-3.61,-3.81,62.587491590041374,"{'trend': 3.0, 'momentum': 3.0, 'quality': -0.1688921080611664, 'sentiment': 0.10063574571817917, 'valuation': -0.10678016288665529, 'liquidity': 1.4547855923230053, 'size': -0.7154043342365077}",T+1平仓,其他,1
2026-01-22,2026-01-22,000060,7.01,7.19,2.62,2.42,64.85889000599481,"{'trend': 2.417964725983675, 'momentum': 2.5376682037240017, 'quality': -0.12966226806027523, 'sentiment': 1.1582609848273484, 'valuation': 0.38757171805747453, 'liquidity': 2.0438978590862527, 'size': -0.9467518863993031}",T+1平仓,其他,1
2026-01-23,2026-01-23,000048,18.05,18.77,4.02,3.82,64.66865930489612,"{'trend': 1.4623639945278573, 'momentum': 2.886209124440388, 'quality': -0.08677995138074807, 'sentiment': 1.5726540631534465, 'valuation': 0.42637991497546174, 'liquidity': 2.145310817625696, 'size': -0.82093049632427}",T+1平仓,其他,1
2026-01-26,2026-01-26,000021,30.86,29.31,-5.0,-5.2,56.836222912436966,"{'trend': 2.061658420374925, 'momentum': 1.8462091267846614, 'quality': -0.12234338238614446, 'sentiment': -1.1915443717615908, 'valuation': 0.31551963374952424, 'liquidity': 1.6477980607803573, 'size': -0.7218455445798492}",止损(-5%),其他,1
2026-01-27,2026-01-27,000048,19.47,18.99,-2.48,-2.68,63.505823252957086,"{'trend': 2.4292397314062972, 'momentum': 3.0, 'quality': -0.07477946792660901, 'sentiment': 0.4761387311263379, 'valuation': 0.4147801628321502, 'liquidity': 0.8669995752820984, 'size': -0.24177263717282832}",T+1平仓,其他,1
2026-01-28,2026-01-28,000060,8.03,8.49,5.71,5.51,67.48711994600498,"{'trend': 3.0, 'momentum': 1.8904227643155003, 'quality': -0.3132926040454356, 'sentiment': 3.0, 'valuation': 0.2369520482883385, 'liquidity': 1.9229478239830924, 'size': -1.3067155279487375}",T+1平仓,其他,1
2026-01-29,2026-01-29,002131,8.59,9.46,10.14,9.94,65.6079624844534,"{'trend': -0.06275364027478328, 'momentum': 3.0, 'quality': 1.1808258100152054, 'sentiment': 3.0, 'valuation': -0.12115058404894434, 'liquidity': 2.523800212746192, 'size': -1.9381026585674115}",T+1平仓,其他,1
2026-01-30,2026-01-30,002165,11.35,12.63,11.24,11.04,67.00049905692293,"{'trend': -0.056072122855679016, 'momentum': 2.2983763775017723, 'quality': 1.885047162803443, 'sentiment': 3.0, 'valuation': -0.2806588318191734, 'liquidity': 3.0, 'size': -2.655276607829897}",T+1平仓,其他,1
2026-02-02,2026-02-02,002112,21.45,21.39,-0.29,-0.49,67.25621440542895,"{'trend': -0.048288518721008596, 'momentum': 2.1254725800126932, 'quality': 1.6678145230586814, 'sentiment': 3.0, 'valuation': 0.002329440853602764, 'liquidity': 2.9229509947152175, 'size': -2.226759069893077}",T+1平仓,其他,1
2026-02-02,2026-02-02,000538,56.06,54.9,-2.07,-2.27,55.25081447064608,"{'trend': -0.048288518721008596, 'momentum': -0.6550603672368549, 'quality': 1.391894530234146, 'sentiment': 0.6869686246206406, 'valuation': 0.23440134282120728, 'liquidity': -1.7486193092854017, 'size': 1.9095765232497894}",T+1平仓,医药,1
2026-02-03,2026-02-03,603396,48.53,50.14,3.33,3.13,73.77194478660775,"{'trend': 3.0, 'momentum': 1.8669469910404808, 'quality': 2.290959947951608, 'sentiment': 2.6147179103918545, 'valuation': -0.13057185111909428, 'liquidity': 2.1958023556474884, 'size': -1.7395912153570274}",T+1平仓,其他,1
2026-02-03,2026-02-03,603993,23.03,22.88,-0.67,-0.87,60.21116781914597,"{'trend': 2.9106647462029707, 'momentum': 0.7128024522425497, 'quality': 0.01326805139347779, 'sentiment': 0.9290788373766838, 'valuation': 0.16250105167441473, 'liquidity': -0.01214902787268434, 'size': -0.14128324109017748}",T+1平仓,有色,1
2026-02-04,2026-02-04,601226,11.71,12.59,7.54,7.34,71.14763446045876,"{'trend': 1.9169397400381947, 'momentum': 2.0961420742147676, 'quality': 1.771764946359649, 'sentiment': 3.0, 'valuation': 0.03844645034930497, 'liquidity': 1.318676326150725, 'size': -1.1139616947419757}",T+1平仓,其他,1
2026-02-05,2026-02-05,603103,29.1,31.31,7.61,7.41,72.49297071841798,"{'trend': 3.0, 'momentum': 3.0, 'quality': 0.9559349138385927, 'sentiment': 3.0, 'valuation': -0.06995656968836245, 'liquidity': 1.3950572997073942, 'size': -1.156998992654975}",T+1平仓,其他,1
2026-02-06,2026-02-06,002112,23.37,25.13,7.51,7.31,77.2609380645595,"{'trend': 3.0, 'momentum': 3.0, 'quality': 1.6679033703040378, 'sentiment': 3.0, 'valuation': 0.006509877238579117, 'liquidity': 3.0, 'size': -2.589322916175228}",T+1平仓,其他,1
2026-02-09,2026-02-09,600841,9.64,10.39,7.77,7.57,74.01128548270259,"{'trend': 3.0, 'momentum': 3.0, 'quality': 0.8446541967044402, 'sentiment': 3.0, 'valuation': 0.3234214097260507, 'liquidity': 0.5849870228275307, 'size': -0.5470374412685718}",T+1平仓,其他,1
2026-02-10,2026-02-10,603103,39.6,39.97,0.92,0.72,73.43974679483419,"{'trend': 3.0, 'momentum': 3.0, 'quality': 0.9699103983561047, 'sentiment': 3.0, 'valuation': -0.07194507543825514, 'liquidity': 0.5639614908986977, 'size': -0.5443460289855035}",T+1平仓,其他,1
2026-02-11,2026-02-11,002378,25.27,27.34,8.15,7.95,75.08570609127653,"{'trend': 3.0, 'momentum': 3.0, 'quality': 1.581505308230586, 'sentiment': 3.0, 'valuation': -0.24064602367631371, 'liquidity': 0.9095404609524702, 'size': -0.8512051758900495}",T+1平仓,其他,1
2026-02-12,2026-02-12,002112,24.9,24.65,-1.02,-1.22,73.18934451005877,"{'trend': 3.0, 'momentum': 3.0, 'quality': 1.6848924085453343, 'sentiment': 1.2216267543715946, 'valuation': 0.0024810958399858504, 'liquidity': 3.0, 'size': -2.5153004688395413}",T+1平仓,其他,1
2026-02-13,2026-02-13,603163,117.78,127.57,8.31,8.11,73.00358168666445,"{'trend': 2.821131764107213, 'momentum': 3.0, 'quality': 0.8663329679629763, 'sentiment': 3.0, 'valuation': 0.03776082574377096, 'liquidity': 0.29378998109951326, 'size': -0.32907729596500607}",T+1平仓,其他,1
2026-02-24,2026-02-24,002165,11.76,12.38,5.31,5.11,76.50247693733576,"{'trend': 3.0, 'momentum': 3.0, 'quality': 1.9005576846274757, 'sentiment': 2.7303682311662367, 'valuation': -0.30002472261689567, 'liquidity': 2.6090302011789697, 'size': -2.1232058246744345}",T+1平仓,其他,1
2026-02-24,2026-02-24,601390,5.8,5.98,3.11,2.91,56.44720325286888,"{'trend': -0.3206061087397829, 'momentum': -0.2596213570270722, 'quality': 3.0, 'sentiment': 2.7248754881761847, 'valuation': -1.1025570531275903, 'liquidity': -0.6782938113347997, 'size': -3.0}",T+1平仓,建筑,1
2026-02-25,2026-02-25,002378,31.9,33.18,4.03,3.83,75.54180539132321,"{'trend': 3.0, 'momentum': 3.0, 'quality': 1.574208359244875, 'sentiment': 3.0, 'valuation': -0.2393681056405828, 'liquidity': 1.3841910301678564, 'size': -1.1905273575513462}",T+1平仓,其他,1
2026-02-26,2026-02-26,001896,11.16,12.0,7.48,7.28,76.66159747335914,"{'trend': 3.0, 'momentum': 3.0, 'quality': 1.330926406694986, 'sentiment': 3.0, 'valuation': 0.11152507912071084, 'liquidity': 2.8449889507945194, 'size': -2.2235748177272234}",T+1平仓,其他,1
2026-02-27,2026-02-27,003035,7.56,8.13,7.5,7.3,75.74455167792986,"{'trend': 2.659117720498362, 'momentum': 3.0, 'quality': 1.9390121814793801, 'sentiment': 3.0, 'valuation': -0.030731598191097657, 'liquidity': 0.5478584622868378, 'size': -0.5195953986489118}",T+1平仓,其他,1
2026-03-02,2026-03-02,600759,6.91,6.75,-2.18,-2.38,73.5516303470622,"{'trend': 3.0, 'momentum': 3.0, 'quality': 0.43803049485170253, 'sentiment': 3.0, 'valuation': 0.07011844543671322, 'liquidity': 2.265514147061323, 'size': -1.8212148074904}",T+1平仓,其他,1
2026-03-02,2026-03-02,601390,6.29,6.16,-2.02,-2.22,55.15991456997634,"{'trend': 0.6507593056587209, 'momentum': 1.0239508508951007, 'quality': 3.0, 'sentiment': 0.16492590179145641, 'valuation': -1.1204878986360645, 'liquidity': -0.09614982493080419, 'size': -3.0}",T+1平仓,建筑,1
2026-03-03,2026-03-03,600722,11.47,11.23,-2.18,-2.38,72.66378642831941,"{'trend': 2.794965967812273, 'momentum': 3.0, 'quality': 1.1556336183575224, 'sentiment': 3.0, 'valuation': -0.3036111794966709, 'liquidity': -0.2416846620719231, 'size': 0.2064902175693014}",T+1平仓,其他,1
2026-03-04,2026-03-04,001896,13.45,14.1,4.88,4.68,75.86723420056413,"{'trend': 3.0, 'momentum': 3.0, 'quality': 1.337708199323863, 'sentiment': 2.9491700248576564, 'valuation': 0.10892385110573419, 'liquidity': 2.2112493861500346, 'size': -1.7539577451276827}",T+1平仓,其他,1
2026-03-05,2026-03-05,003035,8.44,8.86,4.97,4.77,74.02261215827107,"{'trend': 3.0, 'momentum': 3.0, 'quality': 1.9123159727034835, 'sentiment': 1.9898496079741927, 'valuation': -0.036079372941675014, 'liquidity': 0.8684493210750199, 'size': -0.7628042849331237}",T+1平仓,其他,1
2026-03-06,2026-03-06,600821,8.16,8.51,4.25,4.05,75.0540836091796,"{'trend': 2.728295308677799, 'momentum': 2.8671387210017216, 'quality': 1.1991704785322204, 'sentiment': 3.0, 'valuation': 0.2227451931690891, 'liquidity': 2.57342700908458, 'size': -2.078303681945247}",T+1平仓,其他,1
2026-03-09,2026-03-09,000533,15.93,16.19,1.61,1.41,74.05593526493583,"{'trend': 2.8924618290009847, 'momentum': 3.0, 'quality': 1.7102513768971108, 'sentiment': 3.0, 'valuation': -0.09987243670499929, 'liquidity': -0.6656482555753487, 'size': 0.6261922398692192}",T+1平仓,其他,1
2026-03-10,2026-03-10,002350,13.83,15.05,8.84,8.64,72.45366698253235,"{'trend': 3.0, 'momentum': 3.0, 'quality': 0.8198620716544961, 'sentiment': 3.0, 'valuation': -0.18230952825364966, 'liquidity': 1.7928547681314928, 'size': -1.4697920621549325}",T+1平仓,其他,1
2026-03-11,2026-03-11,000899,14.57,15.97,9.64,9.44,76.17621195939766,"{'trend': 2.8592405488337764, 'momentum': 2.5323708989050666, 'quality': 2.4066444028731944, 'sentiment': 3.0, 'valuation': 0.2858444077318354, 'liquidity': 1.1274790996111543, 'size': -0.9967877772685989}",T+1平仓,其他,1
2026-03-12,2026-03-12,600821,9.92,10.75,8.39,8.19,74.98370165982787,"{'trend': 3.0, 'momentum': 3.0, 'quality': 1.1842879072067902, 'sentiment': 3.0, 'valuation': 0.22427173091862104, 'liquidity': 2.9877616149707125, 'size': -2.358031624694432}",T+1平仓,其他,1
2026-03-13,2026-03-13,600722,16.18,16.75,3.57,3.37,73.40304875901903,"{'trend': 3.0, 'momentum': 3.0, 'quality': 1.1435463025711246, 'sentiment': 3.0, 'valuation': -0.30046575026054445, 'liquidity': 2.904254746329048, 'size': -2.2936294371541406}",T+1平仓,其他,1
2026-03-16,2026-03-16,000533,16.97,16.13,-5.0,-5.2,75.1501296222464,"{'trend': 3.0, 'momentum': 3.0, 'quality': 1.6682618903734965, 'sentiment': 3.0, 'valuation': -0.10188045618945549, 'liquidity': 2.899668420075798, 'size': -2.285344229527461}",止损(-5%),其他,1
2026-03-17,2026-03-17,000537,11.35,11.55,1.74,1.54,72.40719832101676,"{'trend': 2.8482527740292225, 'momentum': 2.3986769838025426, 'quality': 1.5294526242426552, 'sentiment': 2.3767293678989256, 'valuation': 0.23703261471078374, 'liquidity': 1.805261122437696, 'size': -1.4837681673629803}",T+1平仓,其他,1
2026-03-18,2026-03-18,600821,9.9,10.34,4.42,4.22,73.62373291251316,"{'trend': 3.0, 'momentum': 3.0, 'quality': 1.1611002849487502, 'sentiment': 2.45646075077513, 'valuation': 0.22568468652908505, 'liquidity': 2.741465760570302, 'size': -2.1593100951361714}",T+1平仓,其他,1
2026-03-19,2026-03-19,603393,41.78,41.47,-0.76,-0.96,75.2071717717275,"{'trend': 3.0, 'momentum': 3.0, 'quality': 1.7072892768869616, 'sentiment': 3.0, 'valuation': 0.25780305975525075, 'liquidity': 0.3000572925914015, 'size': -0.32938889616324585}",T+1平仓,其他,1
2026-03-20,2026-03-20,605117,129.91,139.15,7.11,6.91,72.81949587523253,"{'trend': 3.0, 'momentum': 2.9047987642782434, 'quality': 0.9448124131427684, 'sentiment': 3.0, 'valuation': 0.17050522474233445, 'liquidity': -0.6331441559876667, 'size': 0.6009607892869171}",T+1平仓,其他,1
2026-03-23,2026-03-23,603693,16.16,17.58,8.84,8.64,75.7430516323124,"{'trend': 2.611792654091443, 'momentum': 3.0, 'quality': 2.4021586267580632, 'sentiment': 3.0, 'valuation': 0.1958719058456924, 'liquidity': 0.7846875834116943, 'size': -0.7136826822840541}",T+1平仓,其他,1
2026-03-23,2026-03-23,002594,105.01,106.45,1.37,1.17,59.89358345261536,"{'trend': 1.3979478515639097, 'momentum': 1.5124668108077153, 'quality': 1.1271606485272572, 'sentiment': 3.0, 'valuation': -0.22171684302143066, 'liquidity': -0.49204293227294094, 'size': -3.0}",T+1平仓,汽车,1
2026-03-24,2026-03-24,600821,10.32,9.81,-5.0,-5.2,73.50012021625413,"{'trend': 3.0, 'momentum': 3.0, 'quality': 1.129222756038378, 'sentiment': 2.4907128813460657, 'valuation': 0.23865250218441583, 'liquidity': 3.0, 'size': -2.4184940847650496}",止损(-5%),其他,1
2026-03-25,2026-03-25,000601,8.69,8.77,0.9,0.7,73.21170231955536,"{'trend': 3.0, 'momentum': 3.0, 'quality': 1.1279597741974483, 'sentiment': 3.0, 'valuation': -0.31418799118932306, 'liquidity': 2.9532963983478657, 'size': -2.1965719304665967}",T+1平仓,其他,1
2026-03-26,2026-03-26,000899,14.06,15.0,6.69,6.49,72.56843348830648,"{'trend': 2.150092491052976, 'momentum': 1.7633215213429154, 'quality': 2.3706928763704065, 'sentiment': 3.0, 'valuation': 0.32194209609405866, 'liquidity': 1.3355183987426416, 'size': -1.129448537840096}",T+1平仓,其他,1
2026-03-27,2026-03-27,600982,6.5,7.27,11.82,11.62,74.47709219764269,"{'trend': 3.0, 'momentum': 3.0, 'quality': 1.0909198519450805, 'sentiment': 3.0, 'valuation': 0.25527193334232084, 'liquidity': 3.0, 'size': -2.419540568564114}",T+1平仓,其他,1
2026-03-27,2026-03-27,002460,72.28,78.79,9.02,8.82,57.40323166705038,"{'trend': 0.6953758868255512, 'momentum': 0.6067712283801906, 'quality': 0.6444764053491978, 'sentiment': 3.0, 'valuation': -0.27472633231061905, 'liquidity': 1.2204462554588869, 'size': -3.0}",T+1平仓,有色,1
2026-03-30,2026-03-30,002432,68.7,74.67,8.69,8.49,70.18077564224527,"{'trend': 3.0, 'momentum': 3.0, 'quality': -0.12866409029649828, 'sentiment': 3.0, 'valuation': 0.2745894409320094, 'liquidity': 2.0333031830923276, 'size': -1.6994556252752877}",T+1平仓,其他,1
2026-03-30,2026-03-30,002594,104.65,104.88,0.22,0.02,56.21416111739493,"{'trend': 1.9398886309736445, 'momentum': 1.941173431070329, 'quality': 1.1573161353829138, 'sentiment': 0.16144897481766649, 'valuation': -0.28456789343555605, 'liquidity': -0.2543418286367865, 'size': -3.0}",T+1平仓,汽车,1
2026-03-31,2026-03-31,605299,19.64,21.1,7.39,7.19,69.99344768589552,"{'trend': 3.0, 'momentum': 3.0, 'quality': 0.15184183163537848, 'sentiment': 3.0, 'valuation': -0.14880609006237955, 'liquidity': 2.605513311913872, 'size': -2.0793336131079037}",T+1平仓,其他,1
2026-04-01,2026-04-01,688799,56.72,61.91,9.16,8.96,71.75452345666017,"{'trend': 2.445706531425454, 'momentum': 3.0, 'quality': 1.1635393477042326, 'sentiment': 3.0, 'valuation': 0.1783664643862619, 'liquidity': 1.0064057203564472, 'size': -0.883782392579638}",T+1平仓,其他,1
2026-04-02,2026-04-02,603016,47.25,50.54,6.95,6.75,69.48621697924887,"{'trend': 3.0, 'momentum': 3.0, 'quality': 0.10471051042302777, 'sentiment': 3.0, 'valuation': -0.14610422288133174, 'liquidity': 1.5179442584114236, 'size': -1.2987910377923295}",T+1平仓,其他,1
2026-04-02,2026-04-02,000538,56.22,56.16,-0.12,-0.32,59.467230629889976,"{'trend': 0.4535395643349962, 'momentum': 0.22079971550820388, 'quality': 1.447248607287465, 'sentiment': 1.5206331484664317, 'valuation': 0.22933354048840413, 'liquidity': -1.3662778444489914, 'size': 1.4092365580064394}",T+1平仓,医药,1
2026-04-02,2026-04-02,002460,78.15,79.05,1.15,0.95,59.035391898089905,"{'trend': 1.59103794907033, 'momentum': 1.5349448848704057, 'quality': 0.6720051599064322, 'sentiment': 2.0078190641300004, 'valuation': -0.2870216283603145, 'liquidity': 1.0821834506078527, 'size': -3.0}",T+1平仓,有色,1
2026-04-03,2026-04-03,688314,55.81,56.07,0.46,0.26,69.42565849500023,"{'trend': 3.0, 'momentum': 3.0, 'quality': -0.128418033846527, 'sentiment': 2.979620901833801, 'valuation': 0.11837400707850745, 'liquidity': 1.1278671146193862, 'size': -1.016260847211794}",T+1平仓,其他,1
2026-04-07,2026-04-07,605299,19.33,22.81,17.98,17.78,70.89427849531012,"{'trend': 3.0, 'momentum': 3.0, 'quality': 0.1926046524624985, 'sentiment': 3.0, 'valuation': -0.11028394243454052, 'liquidity': 2.3581897499827233, 'size': -1.9670225444200478}",T+1平仓,其他,1
