entry_date,exit_date,code,entry_price,exit_price,gross_return,net_return,exit_reason,regime,hold_days
2024-01-02,2024-01-03,300375,5.2882,5.0026,-0.054007034529707586,-0.05680703452970758,stop_loss,bear,1
2024-01-02,2024-01-05,300131,6.07,5.75,-0.05271828665568373,-0.05551828665568373,stop_loss,bear,3
2024-01-03,2024-01-08,600222,6.1106,5.9023,-0.03408830556737464,-0.03688830556737464,time_exit,bear,3
2024-01-05,2024-01-10,002355,5.11,5.0,-0.02152641878669282,-0.02432641878669282,time_exit,bear,3
2024-01-05,2024-01-10,002702,5.778,5.8572,0.013707165109034296,0.010907165109034295,time_exit,bear,3
2024-01-10,2024-01-15,600509,5.4953,5.553,0.010499881717103641,0.007699881717103641,time_exit,bear,3
2024-01-10,2024-01-15,300169,6.77,7.19,0.062038404726735726,0.05923840472673573,time_exit,bear,3
2024-01-15,2024-01-17,600712,5.12,4.85,-0.05273437500000009,-0.05553437500000009,stop_loss,bear,2
2024-01-15,2024-01-18,000955,5.07,5.25,0.0355029585798816,0.032702958579881605,time_exit,bear,3
2024-01-17,2024-01-22,000570,5.5853,5.9313,0.061948328648416394,0.0591483286484164,time_exit,bear,3
2024-01-17,2024-01-22,300200,6.9384,6.3955,-0.07824570506168563,-0.08104570506168562,stop_loss,bear,3
2024-01-22,2024-01-25,300061,5.01,5.17,0.03193612774451101,0.02913612774451101,time_exit,bear,3
2024-01-22,2024-01-25,002329,5.05,5.29,0.04752475247524757,0.04472475247524757,time_exit,bear,3
2024-01-25,2024-01-30,300063,5.36,4.84,-0.09701492537313441,-0.09981492537313441,stop_loss,bear,3
2024-01-25,2024-01-30,600678,6.68,6.18,-0.07485029940119761,-0.07765029940119761,stop_loss,bear,3
2024-01-29,2024-01-31,000678,5.76,5.1,-0.11458333333333336,-0.11738333333333335,stop_loss,bear,2
2024-01-29,2024-01-31,002591,5.65,5.06,-0.10442477876106207,-0.10722477876106207,stop_loss,bear,2
2024-01-29,2024-01-31,002452,5.7358,5.248,-0.08504480630426445,-0.08784480630426444,stop_loss,bear,2
2024-01-31,2024-02-02,002642,5.66,5.26,-0.07067137809187285,-0.07347137809187285,stop_loss,bear,2
2024-01-31,2024-02-02,300369,6.5,6.1,-0.06153846153846159,-0.0643384615384616,stop_loss,bear,2
2024-02-02,2024-02-05,002235,5.05,4.55,-0.09900990099009901,-0.10180990099009901,stop_loss,bear,1
2024-02-02,2024-02-05,600610,5.62,5.06,-0.09964412811387909,-0.10244412811387908,stop_loss,bear,1
2024-02-05,2024-02-07,300986,5.0197,4.1679,-0.1696914158216626,-0.1724914158216626,stop_loss,bull,2
2024-02-05,2024-02-07,300665,5.2587,4.6744,-0.11111111111111108,-0.11391111111111107,stop_loss,bull,2
2024-02-06,2024-02-07,301032,5.569,4.9371,-0.11346740887053329,-0.11626740887053329,stop_loss,bull,1
2024-02-06,2024-02-07,301056,5.5657,5.0973,-0.08415832689508956,-0.08695832689508956,stop_loss,bull,1
2024-02-06,2024-02-07,605162,5.4283,4.8845,-0.10017869314518359,-0.10297869314518358,stop_loss,bull,1
2024-02-06,2024-02-07,603660,5.01,4.52,-0.09780439121756491,-0.10060439121756491,stop_loss,bull,1
2024-02-07,2024-02-20,301025,5.7143,7.3698,0.2897117757205607,0.2869117757205607,time_exit,bull,3
2024-02-07,2024-02-20,002209,5.7205,6.7534,0.1805611397605104,0.1777611397605104,time_exit,bull,3
2024-02-07,2024-02-20,301016,5.3367,6.6485,0.24580733412033648,0.24300733412033648,time_exit,bull,3
2024-02-07,2024-02-20,300106,5.21,6.16,0.18234165067178507,0.17954165067178507,time_exit,bull,3
2024-02-07,2024-02-20,300562,5.8796,7.0536,0.19967344717327715,0.19687344717327715,time_exit,bull,3
2024-02-20,2024-02-23,601096,5.1956,5.4125,0.041746862730002283,0.03894686273000229,time_exit,bull,3
2024-02-20,2024-02-23,002708,6.79,7.63,0.12371134020618554,0.12091134020618555,time_exit,bull,3
2024-02-20,2024-02-23,605069,5.58,6.55,0.17383512544802862,0.17103512544802862,time_exit,bull,3
2024-02-20,2024-02-23,603528,5.4952,6.2405,0.1356274566894745,0.13282745668947452,time_exit,bull,3
2024-02-21,2024-02-26,002103,6.12,6.43,0.05065359477124177,0.04785359477124177,time_exit,bull,3
2024-02-21,2024-02-26,002357,5.324,5.6842,0.06765589782118706,0.06485589782118706,time_exit,bull,3
2024-02-23,2024-02-28,002584,7.4091,7.0317,-0.05093736081305419,-0.053737360813054184,time_exit,bull,3
2024-02-23,2024-02-28,002196,5.11,4.97,-0.027397260273972712,-0.030197260273972713,time_exit,bull,3
2024-02-26,2024-02-29,002178,5.33,5.11,-0.0412757973733583,-0.044075797373358296,time_exit,bull,3
2024-02-26,2024-02-29,688469,5.01,5.02,0.0019960079840318935,-0.0008039920159681065,time_exit,bull,3
2024-02-26,2024-02-29,300264,6.63,6.36,-0.04072398190045243,-0.043523981900452424,time_exit,bull,3
2024-02-28,2024-03-04,600318,7.6443,7.5445,-0.013055479245974139,-0.01585547924597414,time_exit,bull,3
2024-02-28,2024-03-04,002615,5.5977,5.8266,0.040891794844311116,0.03809179484431112,time_exit,bull,3
2024-02-29,2024-03-05,600692,5.4289,5.6082,0.0330269483689146,0.0302269483689146,time_exit,bull,3
2024-02-29,2024-03-05,600493,5.0286,4.8255,-0.040388975062641705,-0.0431889750626417,time_exit,bull,3
2024-03-01,2024-03-06,000554,5.3129,5.1086,-0.038453575260215686,-0.04125357526021568,time_exit,bull,3
2024-03-05,2024-03-08,300405,5.26,4.98,-0.05323193916349798,-0.056031939163497975,time_exit,bull,3
2024-03-05,2024-03-08,003037,7.3293,7.8612,0.07257173263476734,0.06977173263476734,time_exit,bull,3
2024-03-06,2024-03-11,000421,5.1507,4.8021,-0.06768012114858163,-0.07048012114858163,time_exit,bull,3
2024-03-06,2024-03-11,301215,5.3019,5.2535,-0.009128802881985703,-0.011928802881985704,time_exit,bull,3
2024-03-06,2024-03-11,001331,7.2994,7.3821,0.0113296983313697,0.0085296983313697,time_exit,bull,3
2024-03-08,2024-03-13,002114,5.49,5.29,-0.0364298724954463,-0.039229872495446294,time_exit,bull,3
2024-03-08,2024-03-13,601061,7.6897,7.6136,-0.009896354864299033,-0.012696354864299033,time_exit,bull,3
2024-03-08,2024-03-13,600975,9.16,8.96,-0.0218340611353711,-0.024634061135371102,time_exit,bull,3
2024-03-08,2024-03-13,601121,5.7482,5.7868,0.0067151456108000135,0.003915145610800013,time_exit,bull,3
2024-03-11,2024-03-14,600630,11.4334,11.503,0.006087428061643906,0.003287428061643906,time_exit,bull,3
2024-03-11,2024-03-14,001219,11.8427,11.85,0.0006164134867892435,-0.0021835865132107564,time_exit,bull,3
2024-03-13,2024-03-18,300002,10.545,10.4465,-0.009340919867235618,-0.012140919867235618,time_exit,bull,3
2024-03-13,2024-03-18,601083,9.3329,9.4989,0.01778654008936133,0.01498654008936133,time_exit,bull,3
2024-03-13,2024-03-18,300129,8.6612,8.6513,-0.0011430286796284862,-0.003943028679628487,time_exit,bull,3
2024-03-13,2024-03-18,002540,5.0275,5.1764,0.029617105917454055,0.026817105917454055,time_exit,bull,3
2024-03-14,2024-03-19,002400,5.7529,5.8717,0.020650454553355586,0.017850454553355585,time_exit,bull,3
2024-03-14,2024-03-19,601033,13.3664,13.7663,0.02991830260952828,0.02711830260952828,time_exit,bull,3
2024-03-14,2024-03-19,002033,9.0404,8.9198,-0.013340117693907305,-0.016140117693907306,time_exit,bull,3
2024-03-18,2024-03-21,601022,8.924,9.417,0.055244285073957906,0.05244428507395791,time_exit,bull,3
2024-03-18,2024-03-21,000589,5.2908,5.179,-0.021131019883571422,-0.023931019883571422,time_exit,bull,3
2024-03-18,2024-03-21,601500,5.0352,4.8967,-0.02750635525897673,-0.03030635525897673,time_exit,bull,3
2024-03-20,2024-03-25,002385,5.1254,5.0078,-0.022944550669216135,-0.025744550669216135,time_exit,bull,3
2024-03-21,2024-03-26,300079,5.367,4.9588,-0.07605738773989192,-0.07885738773989191,time_exit,bull,3
2024-03-26,2024-03-29,300486,5.66,5.61,-0.008833922261484068,-0.011633922261484068,time_exit,bull,3
2024-03-28,2024-04-02,300232,6.0239,6.3208,0.04928700675642025,0.04648700675642025,time_exit,bull,3
2024-03-29,2024-04-03,603162,8.7343,9.2411,0.058024111834949585,0.05522411183494959,time_exit,bull,3
2024-04-01,2024-04-08,600302,5.05,4.81,-0.04752475247524757,-0.050324752475247564,time_exit,bull,3
2024-04-01,2024-04-08,688387,6.75,6.24,-0.07555555555555553,-0.07835555555555553,time_exit,bull,3
2024-04-02,2024-04-08,300647,5.02,4.61,-0.08167330677290822,-0.08447330677290822,stop_loss,bull,2
2024-04-02,2024-04-09,002587,6.3409,6.1239,-0.034222271286410526,-0.03702227128641052,time_exit,bull,3
2024-04-02,2024-04-09,300839,8.4,7.92,-0.05714285714285719,-0.05994285714285719,time_exit,bull,3
2024-04-08,2024-04-11,300670,5.42,5.33,-0.01660516605166049,-0.01940516605166049,time_exit,bull,3
2024-04-08,2024-04-11,000521,7.7775,7.9624,0.023773706203792974,0.020973706203792974,time_exit,bull,3
2024-04-08,2024-04-11,300686,7.5,7.39,-0.01466666666666671,-0.01746666666666671,time_exit,bull,3
2024-04-10,2024-04-15,300184,5.11,4.7,-0.08023483365949122,-0.08303483365949121,stop_loss,bull,3
2024-04-12,2024-04-15,002272,5.6135,5.0502,-0.1003473768593569,-0.10314737685935689,stop_loss,bull,1
2024-04-12,2024-04-15,603959,5.21,4.69,-0.09980806142034541,-0.10260806142034541,stop_loss,bull,1
2024-04-11,2024-04-16,601279,5.0461,4.4203,-0.1240165672499554,-0.1268165672499554,stop_loss,bull,3
2024-04-11,2024-04-16,300315,5.19,4.57,-0.11946050096339114,-0.12226050096339114,stop_loss,bull,3
2024-04-11,2024-04-16,002599,5.9559,5.0113,-0.15859903624976904,-0.16139903624976903,stop_loss,bull,3
2024-04-15,2024-04-16,300417,6.8162,5.8042,-0.14846982189489752,-0.15126982189489752,stop_loss,bull,1
2024-04-15,2024-04-16,000663,5.54,5.01,-0.09566787003610112,-0.09846787003610112,stop_loss,bull,1
2024-04-15,2024-04-16,002403,8.239,7.4201,-0.09939313023425185,-0.10219313023425185,stop_loss,bull,1
2024-04-15,2024-04-16,002248,6.73,6.06,-0.09955423476968808,-0.10235423476968808,stop_loss,bull,1
2024-04-12,2024-04-17,600839,5.0658,5.1545,0.017509574006079855,0.014709574006079855,time_exit,bull,3
2024-04-16,2024-04-19,300933,5.3416,5.7076,0.06851879586640718,0.06571879586640718,time_exit,bull,3
2024-04-17,2024-04-22,002842,5.71,6.0,0.05078809106830123,0.047988091068301236,time_exit,bull,3
2024-04-18,2024-04-23,002334,6.8545,6.5693,-0.04160770296885253,-0.044407702968852526,time_exit,bull,3
2024-04-18,2024-04-23,000017,7.64,6.91,-0.09554973821989524,-0.09834973821989523,stop_loss,bull,3
2024-04-19,2024-04-24,300931,5.402,5.6775,0.05099962976675307,0.04819962976675307,time_exit,bull,3
2024-04-22,2024-04-25,300423,5.32,5.32,0.0,-0.0028,time_exit,bull,3
2024-04-22,2024-04-25,603725,5.9752,6.3168,0.05716963448922206,0.054369634489222066,time_exit,bull,3
2024-04-23,2024-04-26,002611,6.3234,6.3432,0.0031312268716197043,0.00033122687161970437,time_exit,bull,3
2024-04-23,2024-04-26,000676,6.2,6.58,0.061290322580645144,0.05849032258064515,time_exit,bull,3
2024-04-23,2024-04-26,002292,6.17,6.57,0.06482982171799033,0.06202982171799033,time_exit,bull,3
2024-04-25,2024-04-30,002687,5.09,4.75,-0.06679764243614929,-0.06959764243614928,time_exit,bull,3
2024-04-25,2024-04-30,300358,7.7197,8.331,0.07918701503944453,0.07638701503944453,time_exit,bull,3
2024-04-25,2024-04-30,300393,7.299,7.2308,-0.009343745718591593,-0.012143745718591593,time_exit,bull,3
2024-04-26,2024-05-06,002478,5.4386,5.6032,0.030265141764424682,0.027465141764424682,time_exit,bull,3
2024-04-26,2024-05-06,300228,6.9834,6.7869,-0.02813815619898609,-0.03093815619898609,time_exit,bull,3
2024-04-26,2024-05-06,600481,6.3188,6.2797,-0.006187883775400449,-0.008987883775400449,time_exit,bull,3
2024-04-26,2024-05-06,300083,5.99,6.1,0.01836393989983296,0.01556393989983296,time_exit,bull,3
2024-04-30,2024-05-08,000989,7.1883,7.3349,0.02039425177023779,0.01759425177023779,time_exit,bull,3
2024-04-30,2024-05-08,002339,5.6872,5.6872,0.0,-0.0028,time_exit,bull,3
2024-04-30,2024-05-08,300172,5.4375,5.7429,0.05616551724137925,0.05336551724137925,time_exit,bull,3
2024-05-06,2024-05-08,600733,6.83,6.25,-0.08491947291361641,-0.08771947291361641,stop_loss,bull,2
2024-05-06,2024-05-09,002639,6.09,6.13,0.006568144499178988,0.003768144499178988,time_exit,bull,3
2024-05-08,2024-05-13,600325,5.5924,6.0907,0.08910306845003942,0.08630306845003942,time_exit,bull,3
2024-05-08,2024-05-13,002298,5.17,4.96,-0.040618955512572524,-0.04341895551257252,time_exit,bull,3
2024-05-09,2024-05-14,002514,6.1,5.66,-0.07213114754098353,-0.07493114754098353,time_exit,bull,3
2024-05-09,2024-05-14,300283,5.0089,4.8396,-0.033799836291401264,-0.03659983629140126,time_exit,bull,3
2024-05-09,2024-05-14,002207,5.54,5.22,-0.05776173285198561,-0.06056173285198561,time_exit,bull,3
2024-05-09,2024-05-14,300221,6.06,5.77,-0.047854785478547865,-0.05065478547854786,time_exit,bull,3
2024-05-14,2024-05-17,300081,6.15,6.16,0.001626016260162567,-0.001173983739837433,time_exit,bull,3
2024-05-15,2024-05-20,600257,5.39,5.63,0.04452690166975885,0.041726901669758856,time_exit,bull,3
2024-05-15,2024-05-20,002559,8.885,8.9341,0.005526167698368153,0.0027261676983681526,time_exit,bull,3
2024-05-16,2024-05-21,000721,8.49,8.49,0.0,-0.0028,time_exit,bull,3
2024-05-16,2024-05-21,300993,11.559,11.2218,-0.029172073708798277,-0.031972073708798274,time_exit,bull,3
2024-05-16,2024-05-21,001289,17.2887,17.6368,0.020134538744960715,0.017334538744960715,time_exit,bull,3
2024-05-20,2024-05-23,002786,9.52,9.18,-0.0357142857142857,-0.038514285714285695,time_exit,bull,3
2024-05-20,2024-05-23,603028,7.0633,6.6852,-0.053530219585746025,-0.05633021958574602,time_exit,bull,3
2024-05-20,2024-05-23,002295,6.6272,6.2525,-0.05653971511347172,-0.05933971511347172,time_exit,bull,3
2024-05-22,2024-05-24,603900,6.1346,5.5734,-0.0914811071626511,-0.0942811071626511,stop_loss,bull,2
2024-05-23,2024-05-27,002999,6.6081,6.0783,-0.08017433150224734,-0.08297433150224734,stop_loss,bull,2
2024-05-23,2024-05-28,001216,13.3808,12.9526,-0.03200107616883896,-0.03480107616883896,time_exit,bull,3
2024-05-24,2024-05-29,300065,6.74,6.48,-0.038575667655786315,-0.04137566765578631,time_exit,bull,3
2024-05-24,2024-05-29,603018,9.2369,8.8846,-0.03814050168346519,-0.040940501683465184,time_exit,bull,3
2024-05-27,2024-05-30,300350,5.09,4.9,-0.03732809430255393,-0.04012809430255393,time_exit,bull,3
2024-05-27,2024-05-30,300845,8.0319,7.931,-0.01256240740049057,-0.015362407400490571,time_exit,bull,3
2024-05-27,2024-05-30,603118,7.1682,6.962,-0.028765938450378052,-0.03156593845037805,time_exit,bull,3
2024-05-29,2024-06-03,603123,6.64,6.57,-0.010542168674698704,-0.013342168674698705,time_exit,bull,3
2024-05-30,2024-06-04,000779,7.7104,7.4657,-0.03173635609047519,-0.03453635609047519,time_exit,bull,3
2024-05-30,2024-06-04,603458,5.06,5.0,-0.011857707509881346,-0.014657707509881346,time_exit,bull,3
2024-05-30,2024-06-04,002828,8.8265,8.4719,-0.04017447459355346,-0.042974474593553455,time_exit,bull,3
2024-06-03,2024-06-06,002205,6.68,5.89,-0.11826347305389223,-0.12106347305389223,stop_loss,bull,3
2024-06-04,2024-06-06,603166,5.0862,4.5125,-0.11279540718021307,-0.11559540718021306,stop_loss,bull,2
2024-06-05,2024-06-11,300133,6.593,6.4038,-0.02869710298801753,-0.03149710298801753,time_exit,bull,3
2024-06-06,2024-06-12,300177,5.96,5.8,-0.02684563758389264,-0.02964563758389264,time_exit,bull,3
2024-06-06,2024-06-12,002173,6.44,6.65,0.032608695652173905,0.029808695652173905,time_exit,bull,3
2024-06-07,2024-06-13,600212,5.41,5.43,0.0036968576709795883,0.0008968576709795883,time_exit,bull,3
2024-06-11,2024-06-14,002633,6.07,5.95,-0.0197693574958814,-0.0225693574958814,time_exit,bull,3
2024-06-12,2024-06-17,300272,5.027,4.8932,-0.02661627213049531,-0.02941627213049531,time_exit,bull,3
2024-06-12,2024-06-17,600866,5.8394,5.4804,-0.061478919067027425,-0.06427891906702743,time_exit,bull,3
2024-06-13,2024-06-18,600250,7.72,7.39,-0.04274611398963732,-0.045546113989637316,time_exit,bull,3
2024-06-13,2024-06-18,600789,7.4846,7.3384,-0.019533442000908577,-0.022333442000908577,time_exit,bull,3
2024-06-14,2024-06-19,000686,5.7303,5.7888,0.010208889586932699,0.007408889586932699,time_exit,bull,3
2024-06-14,2024-06-19,600158,8.2289,7.9403,-0.03507151624153894,-0.037871516241538936,time_exit,bull,3
2024-06-17,2024-06-20,002255,5.0398,4.8112,-0.045358942815190935,-0.04815894281519093,time_exit,bull,3
2024-06-17,2024-06-20,600531,6.327,6.4029,0.011996206733048815,0.009196206733048815,time_exit,bull,3
2024-06-17,2024-06-20,002035,6.5172,6.2201,-0.045587061928435445,-0.04838706192843544,time_exit,bull,3
2024-06-19,2024-06-24,600889,5.29,5.76,0.08884688090737235,0.08604688090737235,time_exit,bear,3
2024-06-20,2024-06-24,002264,5.6104,5.1766,-0.07732069014687021,-0.0801206901468702,stop_loss,bear,2
2024-06-20,2024-06-25,000650,5.5327,5.4292,-0.018706960435230603,-0.021506960435230604,time_exit,bear,3
2024-06-20,2024-06-25,000917,5.0264,4.8376,-0.03756167435938239,-0.040361674359382385,time_exit,bear,3
2024-06-21,2024-06-25,301277,9.5519,9.0639,-0.05108931207403758,-0.053889312074037576,stop_loss,bear,2
2024-06-21,2024-06-26,300444,6.29,6.28,-0.00158982511923685,-0.0043898251192368495,time_exit,bear,3
2024-06-21,2024-06-26,600727,6.2955,6.2659,-0.004701771106345708,-0.007501771106345707,time_exit,bear,3
2024-06-27,2024-06-28,300551,6.07,5.63,-0.07248764415156514,-0.07528764415156514,stop_loss,bear,1
2024-06-28,2024-07-03,600969,5.48,5.54,0.010948905109488979,0.008148905109488978,time_exit,bear,3
2024-07-01,2024-07-04,300410,5.0,4.84,-0.03200000000000003,-0.034800000000000025,time_exit,bear,3
2024-07-01,2024-07-04,600203,6.3581,6.0586,-0.04710526729683397,-0.04990526729683397,time_exit,bear,3
2024-07-04,2024-07-09,000737,9.0042,9.8858,0.0979098642855555,0.0951098642855555,time_exit,bear,3
2024-07-04,2024-07-09,002550,5.1314,5.2002,0.013407647035896544,0.010607647035896544,time_exit,bear,3
2024-07-09,2024-07-12,002567,5.21,5.27,0.01151631477927056,0.008716314779270559,time_exit,bear,3
2024-07-09,2024-07-12,002728,7.3001,7.5785,0.03813646388405644,0.035336463884056445,time_exit,bear,3
2024-07-12,2024-07-15,001267,5.4771,5.1292,-0.06351901553741945,-0.06631901553741945,stop_loss,bear,1
2024-07-12,2024-07-16,300040,5.2841,4.9668,-0.06004806873450531,-0.06284806873450531,stop_loss,bear,2
2024-07-16,2024-07-17,603626,5.23,4.93,-0.05736137667304028,-0.06016137667304028,stop_loss,bear,1
2024-07-17,2024-07-22,300227,5.0109,4.9213,-0.017881019377756647,-0.020681019377756647,time_exit,bear,3
2024-07-18,2024-07-23,600843,6.8209,6.533,-0.04220850620885801,-0.045008506208858004,time_exit,bear,3
2024-07-22,2024-07-25,300105,5.7589,5.6603,-0.017121325253086416,-0.019921325253086417,time_exit,bear,3
2024-07-23,2024-07-26,300162,5.98,5.95,-0.005016722408026797,-0.007816722408026796,time_exit,bear,3
2024-07-26,2024-07-31,300284,6.6436,7.2359,0.08915347100969351,0.08635347100969351,time_exit,bear,3
2024-07-29,2024-08-01,002873,7.4975,8.1503,0.08706902300766924,0.08426902300766924,time_exit,bear,3
2024-07-31,2024-08-05,300305,5.03,4.71,-0.06361829025844935,-0.06641829025844935,stop_loss,bear,3
2024-08-01,2024-08-05,002420,5.21,4.8,-0.07869481765834936,-0.08149481765834936,stop_loss,bear,2
2024-08-13,2024-08-16,600719,6.85,6.46,-0.05693430656934302,-0.05973430656934302,stop_loss,bear,3
2024-08-14,2024-08-19,300536,6.3,5.73,-0.09047619047619038,-0.09327619047619037,stop_loss,bear,3
2024-08-16,2024-08-21,301090,5.85,5.58,-0.04615384615384609,-0.048953846153846084,time_exit,bear,3
2024-08-20,2024-08-23,603269,5.3328,5.2352,-0.018301830183018286,-0.021101830183018287,time_exit,bear,3
2024-08-21,2024-08-26,603633,5.9342,6.1332,0.03353442755552572,0.03073442755552572,time_exit,bear,3
2024-08-23,2024-08-28,300120,5.22,5.05,-0.03256704980842911,-0.035367049808429106,time_exit,bear,3
2024-08-26,2024-08-29,603716,5.93,5.93,0.0,-0.0028,time_exit,bear,3
2024-08-28,2024-09-02,300245,5.43,5.69,0.04788213627992646,0.045082136279926466,time_exit,bear,3
2024-08-30,2024-09-04,600125,5.3056,5.1688,-0.02578407720144753,-0.02858407720144753,time_exit,bull,3
2024-09-02,2024-09-05,002441,6.1385,6.0912,-0.007705465504602086,-0.010505465504602086,time_exit,bull,3
2024-09-04,2024-09-09,002719,5.73,5.75,0.003490401396160484,0.000690401396160484,time_exit,bear,3
2024-09-04,2024-09-09,002455,6.9518,6.694,-0.03708392071118278,-0.039883920711182776,time_exit,bear,3
2024-09-06,2024-09-11,300963,5.0716,5.1285,0.011219339064594946,0.008419339064594945,time_exit,bear,3
2024-09-09,2024-09-12,300240,5.62,5.51,-0.01957295373665486,-0.02237295373665486,time_exit,bear,3
2024-09-11,2024-09-18,000880,6.2092,6.0744,-0.021709721059073674,-0.024509721059073675,time_exit,bear,3
2024-09-12,2024-09-19,300270,5.19,5.55,0.06936416184971086,0.06656416184971087,time_exit,bear,3
2024-09-18,2024-09-23,600721,5.61,6.26,0.11586452762923341,0.11306452762923341,time_exit,bear,3
2024-09-18,2024-09-23,301198,7.36,7.51,0.020380434782608623,0.017580434782608623,time_exit,bear,3
2024-09-23,2024-09-26,601921,7.3386,7.7479,0.055773580791976675,0.05297358079197668,time_exit,bear,3
2024-09-25,2024-09-30,600326,5.46,6.22,0.13919413919413914,0.13639413919413915,time_exit,bull,3
2024-09-26,2024-10-08,605169,8.6743,10.4346,0.20293280149406856,0.20013280149406856,time_exit,bull,3
2024-10-08,2024-10-09,600127,7.33,6.64,-0.09413369713506145,-0.09693369713506145,stop_loss,bull,1
2024-09-30,2024-10-10,301175,5.0138,5.5249,0.1019386493278551,0.0991386493278551,time_exit,bull,3
2024-09-30,2024-10-10,300050,5.63,6.44,0.1438721136767319,0.1410721136767319,time_exit,bull,3
2024-10-10,2024-10-15,002723,5.5,5.46,-0.007272727272727279,-0.010072727272727278,time_exit,bull,3
2024-10-11,2024-10-16,603122,6.3993,6.4974,0.015329801697060557,0.012529801697060557,time_exit,bull,3
2024-10-15,2024-10-18,002707,6.76,7.7,0.1390532544378699,0.1362532544378699,time_exit,bull,3
2024-10-16,2024-10-21,603378,7.39,7.04,-0.047361299052773975,-0.05016129905277397,time_exit,bull,3
2024-10-17,2024-10-22,600611,8.5695,8.7678,0.023140206546472922,0.020340206546472922,time_exit,bull,3
2024-10-18,2024-10-23,000868,5.03,5.25,0.043737574552683844,0.04093757455268385,time_exit,bull,3
2024-10-18,2024-10-23,600543,6.18,6.44,0.04207119741100335,0.03927119741100335,time_exit,bull,3
2024-10-21,2024-10-24,600576,5.28,5.34,0.01136363636363629,0.008563636363636289,time_exit,bull,3
2024-10-22,2024-10-25,000546,5.36,5.55,0.03544776119402976,0.03264776119402976,time_exit,bull,3
2024-10-24,2024-10-29,603488,8.5976,8.2389,-0.04172094538010616,-0.044520945380106154,time_exit,bull,3
2024-10-25,2024-10-30,002686,6.0606,6.2802,0.0362340362340362,0.0334340362340362,time_exit,bull,3
2024-10-25,2024-10-30,000159,6.52,7.26,0.11349693251533746,0.11069693251533747,time_exit,bull,3
2024-10-28,2024-10-31,002783,7.9846,7.7969,-0.023507752423415126,-0.026307752423415126,time_exit,bull,3
2024-10-30,2024-11-04,001313,7.4478,7.0143,-0.05820510754853776,-0.06100510754853776,time_exit,bull,3
2024-10-30,2024-11-04,000919,6.4163,6.4558,0.00615619593846926,0.0033561959384692604,time_exit,bull,3
2024-10-31,2024-11-05,002582,5.4358,6.1233,0.12647632363221603,0.12367632363221603,time_exit,bull,3
2024-11-01,2024-11-06,002296,8.2065,8.7267,0.06338877718881364,0.06058877718881364,time_exit,bull,3
2024-11-04,2024-11-07,300098,5.27,6.67,0.2656546489563568,0.2628546489563568,time_exit,bull,3
2024-11-04,2024-11-07,300448,6.4602,7.0973,0.09861923779449541,0.09581923779449542,time_exit,bull,3
2024-11-05,2024-11-08,300287,5.1,5.27,0.03333333333333332,0.03053333333333332,time_exit,bull,3
2024-11-05,2024-11-08,001223,27.4107,27.8095,0.014549062957166414,0.011749062957166413,time_exit,bull,3
2024-11-05,2024-11-08,300451,5.47,5.66,0.034734917733089656,0.03193491773308966,time_exit,bull,3
2024-11-05,2024-11-08,000750,5.0877,5.2164,0.02529630284804534,0.022496302848045338,time_exit,bull,3
2024-11-07,2024-11-12,002347,5.0062,5.066,0.011945187966921034,0.009145187966921034,time_exit,bull,3
2024-11-07,2024-11-12,001318,11.6146,11.5554,-0.005097033044616156,-0.007897033044616156,time_exit,bull,3
2024-11-08,2024-11-13,300137,5.28,4.91,-0.0700757575757576,-0.0728757575757576,time_exit,bull,3
2024-11-08,2024-11-13,603176,5.0092,5.1088,0.019883414517288128,0.017083414517288127,time_exit,bull,3
2024-11-11,2024-11-14,301256,8.5732,8.0509,-0.06092240936873041,-0.06372240936873041,time_exit,bull,3
2024-11-11,2024-11-14,301558,9.19,9.06,-0.014145810663764854,-0.016945810663764854,time_exit,bull,3
2024-11-12,2024-11-15,300254,10.03,9.38,-0.06480558325024911,-0.06760558325024911,time_exit,bull,3
2024-11-12,2024-11-15,001296,15.9304,17.5428,0.10121528649625867,0.09841528649625868,time_exit,bull,3
2024-11-13,2024-11-18,300249,9.59,8.53,-0.11053180396246096,-0.11333180396246095,stop_loss,bull,3
2024-11-15,2024-11-18,300352,6.23,5.64,-0.09470304975922965,-0.09750304975922965,stop_loss,bull,1
2024-11-15,2024-11-18,300166,10.0,9.02,-0.09800000000000005,-0.10080000000000004,stop_loss,bull,1
2024-11-14,2024-11-19,002968,9.7728,9.2736,-0.051080550098231835,-0.05388055009823183,time_exit,bull,3
2024-11-15,2024-11-20,300182,5.83,6.25,0.07204116638078902,0.06924116638078902,time_exit,bull,3
2024-11-18,2024-11-21,300299,5.14,5.71,0.11089494163424131,0.10809494163424131,time_exit,bull,3
2024-11-19,2024-11-22,600577,5.5068,5.4474,-0.010786663761168032,-0.013586663761168032,time_exit,bull,3
2024-11-19,2024-11-22,002659,5.01,4.8,-0.041916167664670656,-0.04471616766467065,time_exit,bull,3
2024-11-19,2024-11-22,300008,5.13,5.32,0.03703703703703711,0.034237037037037114,time_exit,bull,3
2024-11-20,2024-11-25,300128,5.84,5.37,-0.08047945205479448,-0.08327945205479448,stop_loss,bull,3
2024-11-22,2024-11-27,300292,5.12,5.29,0.033203124999999986,0.030403124999999986,time_exit,bull,3
2024-11-22,2024-11-27,300004,6.8,6.69,-0.016176470588235212,-0.018976470588235213,time_exit,bull,3
2024-11-25,2024-11-28,000859,5.56,5.66,0.017985611510791463,0.015185611510791463,time_exit,bull,3
2024-11-25,2024-11-28,300591,5.24,5.12,-0.022900763358778647,-0.025700763358778647,time_exit,bull,3
2024-11-25,2024-11-28,002072,5.06,5.07,0.0019762845849803706,-0.0008237154150196294,time_exit,bull,3
2024-11-27,2024-12-02,002712,6.09,6.24,0.024630541871921242,0.021830541871921242,time_exit,bull,3
2024-11-27,2024-12-02,600624,5.59,6.21,0.11091234347048302,0.10811234347048303,time_exit,bull,3
2024-11-27,2024-12-02,002571,5.01,5.07,0.011976047904191716,0.009176047904191716,time_exit,bull,3
2024-11-27,2024-12-02,300067,5.5898,5.9691,0.06785573723567923,0.06505573723567923,time_exit,bull,3
2024-11-28,2024-12-03,600963,5.2044,5.1348,-0.013373299515794222,-0.016173299515794222,time_exit,bull,3
2024-11-28,2024-12-03,000045,11.84,12.67,0.07010135135135136,0.06730135135135136,time_exit,bull,3
2024-12-02,2024-12-05,601162,5.15,5.11,-0.0077669902912621425,-0.010566990291262143,time_exit,bull,3
2024-12-02,2024-12-05,000561,9.1,8.91,-0.020879120879120826,-0.023679120879120826,time_exit,bull,3
2024-12-03,2024-12-06,300256,5.06,4.97,-0.017786561264822108,-0.02058656126482211,time_exit,bull,3
2024-12-03,2024-12-06,002628,5.63,5.33,-0.05328596802841915,-0.05608596802841915,time_exit,bull,3
2024-12-03,2024-12-06,002369,6.62,6.88,0.03927492447129906,0.03647492447129906,time_exit,bull,3
2024-12-05,2024-12-10,002094,7.2,7.8,0.08333333333333329,0.08053333333333329,time_exit,bull,3
2024-12-05,2024-12-10,002542,5.39,5.32,-0.012987012987012875,-0.015787012987012874,time_exit,bull,3
2024-12-06,2024-12-11,002513,5.96,6.04,0.01342281879194632,0.01062281879194632,time_exit,bull,3
2024-12-06,2024-12-11,000530,5.7072,5.5782,-0.022603027754415552,-0.025403027754415552,time_exit,bull,3
2024-12-09,2024-12-12,002510,6.7099,7.6556,0.140940997630367,0.138140997630367,time_exit,bull,3
2024-12-09,2024-12-12,300391,6.93,7.17,0.03463203463203467,0.03183203463203467,time_exit,bull,3
2024-12-10,2024-12-13,000016,5.28,5.2,-0.015151515151515164,-0.017951515151515163,time_exit,bull,3
2024-12-11,2024-12-16,300180,7.92,7.94,0.0025252525252525836,-0.0002747474747474164,time_exit,bull,3
2024-12-11,2024-12-16,300062,6.23,6.1,-0.020866773675762562,-0.023666773675762563,time_exit,bull,3
2024-12-13,2024-12-18,301301,12.6404,12.2194,-0.033305908040884735,-0.03610590804088473,time_exit,bear,3
2024-12-13,2024-12-18,002065,8.2258,7.7086,-0.0628753434316419,-0.0656753434316419,stop_loss,bear,3
2024-12-13,2024-12-18,600266,5.3651,5.0286,-0.06272017296974894,-0.06552017296974894,stop_loss,bear,3
2024-12-16,2024-12-19,300355,6.17,6.07,-0.016207455429497513,-0.019007455429497513,time_exit,bear,3
2024-12-16,2024-12-19,002436,11.8894,11.8396,-0.0041886049758608004,-0.006988604975860801,time_exit,bear,3
2024-12-19,2024-12-24,300798,6.8924,7.3519,0.0666676339156171,0.0638676339156171,time_exit,bear,3
2024-12-19,2024-12-24,002366,5.02,4.83,-0.03784860557768915,-0.040648605577689144,time_exit,bear,3
2024-12-24,2024-12-26,300459,6.61,6.25,-0.05446293494704997,-0.05726293494704997,stop_loss,bear,2
2024-12-25,2024-12-30,002360,5.02,4.99,-0.005976095617529754,-0.008776095617529754,time_exit,bull,3
2024-12-26,2024-12-31,300459,6.25,5.74,-0.08159999999999996,-0.08439999999999996,stop_loss,bull,3
